NOM_ITK_AFFICHAGE;X.;gel;bleTH_precColzaH_argileux;bleTH_precColzaH_argilolimoneux;bleTH_precColzaHPoisP_trouges;bleTH_precCultPrint_trouges;bleTH_precCultPrint_crayeux;triticale_precColzaH_argileux;triticale_precColzaH_argilolimoneux;orgeH_precMaisEnsil_argileux;orgeH_precMaisEnsil_argilolimoneux;orgeH_precMaisEnsil_limonosableux;orgeH_precCP_argileux;ci_avantmaisEnsil_argileux;orgeH_precCP_argilolimoneux;ci_avantmais_argilolimoneux;bleTH_precMaisEnsil_argileux;triticale_precColzaH_limonosableux;orgeH_precCP_limonosableux;ci_avantmais_limonosableux;orgeH_precCP_trouges;cultP_precCP_trouges;orgeH_precCP_crayeux;cultP_precCP_crayeux;bleTH_precColzaH_limonosableux;bleTH_precMaisEnsil_argilolimoneux;bleTH_precMaisEnsil_limonosableux;orgeP_precCP_argileux;poisP_precAll_limonosableux;poisP_precAll_argilolimoneux;orgeP_precCP_trouges;orgeP_precCP_crayeux;orgeP_precCP_limonosableux;orgeP_precCP_argilolimoneux;maisEnsil_precCP_argileux;maisEnsil_precCP_argilolimoneux;maisEnsil_precCP_limonosableux;tournesol_precAll_limonosableux;tournesol_precAll_argilolimoneux;tournesol_precAll_argileux;triticale_precMaisEnsil_limonosableux;triticale_precMaisEnsil_argileux;triticale_precMaisEnsil_argilolimoneux;colzaH_precCP_argileux;colzaH_precCP_argilolimoneux;colzaH_precCP_limonosableux;colzaH_precCP_trouges;colzaH_precCP_crayeux;luzerne_precAll_argileux;luzerne_precAll_argilolimoneux;poisP_precAll_argileux;luzerne_precAll_limonosableux;ciVesce_precOrgeH_tousSols;ciVesce_precCP_tousSols;ciVesce_precOrgeP_tousSols;ciFeverole_precTour_tousSols;ciFeverole_precTriticale_tousSols;ciFeverole_precPrairieCP_tousSols;ciFeverole_precCP_tousSols;ciFeverole_precPoisP_tousSols;ciFeverole_precColza_argileux;ciFeverole_precColza_argilolimoneux;ciFeverole_precOrgeH_tousSols;ciFeverole_precSoja_tousSols;ciFeverole_precMaisEnsil_tousSols;ciTriticaleVert_precTour_tousSols;ciTriticaleVert_precTriticale_tousSols;ciTriticaleVert_precMaisEnsilP_tousSols;ciTriticaleVert_precOrgeP_tousSols;ciTriticaleVert_precPrairieCP_tousSols;ciTriticaleVert_precCP_tousSols;ciTriticaleVert_precPoisP_tousSols;ciTriticaleVert_precColza_argileux;ciTriticaleVert_precColza_argilolimoneux;ciTriticaleVert_precOrgeH_tousSols;ciTriticaleVert_precSoja_tousSols;ciFeverole_precLuzerne_tousSols;ciTriticaleVert_precLuzerne_tousSols;soja_precTritiVert_tousSols;ciFeverole_precOrgeP_tousSols;luzerne_precSoja_tousSols;maisEnsilP_precCITritiVert_tousSols;prairieCP_precAll_TousSols;gel_precAll_tousSols;poisp_ciFeverole_argilolimoneux;poisp_ciFeverole_argileux;orgep_precCiFeverole_argileux;orgep_precCiFeverole_argilolimoneux
ID_ITK;[NA];gel_tous_tous_NA;bleTH_precColzaH_argileux;bleTH_precColzaH_argilolimoneux;bleTH_precColzaHPoisP_trouges;bleTH_precCultPrint_trouges;bleTH_precCultPrint_crayeux;triticale_precColzaH_argileux;triticale_precColzaH_argilolimoneux;orgeH_precMaisEnsil_argileux;orgeH_precMaisEnsil_argilolimoneux;orgeH_precMaisEnsil_limonosableux;orgeH_precCP_argileux;ci_avantmaisEnsil_argileux;orgeH_precCP_argilolimoneux;ci_avantmais_argilolimoneux;bleTH_precMaisEnsil_argileux;triticale_precColzaH_limonosableux;orgeH_precCP_limonosableux;ci_avantmais_limonosableux;orgeH_precCP_trouges;cultP_precCP_trouges;orgeH_precCP_crayeux;cultP_precCP_crayeux;bleTH_precColzaH_limonosableux;bleTH_precMaisEnsil_argilolimoneux;bleTH_precMaisEnsil_limonosableux;orgeP_precCP_argileux;poisP_precAll_limonosableux;poisP_precAll_argilolimoneux;orgeP_precCP_trouges;orgeP_precCP_crayeux;orgeP_precCP_limonosableux;orgeP_precCP_argilolimoneux;maisEnsil_precCP_argileux;maisEnsil_precCP_argilolimoneux;maisEnsil_precCP_limonosableux;tournesol_precAll_limonosableux;tournesol_precAll_argilolimoneux;tournesol_precAll_argileux;triticale_precMaisEnsil_limonosableux;triticale_precMaisEnsil_argileux;triticale_precMaisEnsil_argilolimoneux;colzaH_precCP_argileux;colzaH_precCP_argilolimoneux;colzaH_precCP_limonosableux;colzaH_precCP_trouges;colzaH_precCP_crayeux;luzerne_precAll_argileux;luzerne_precAll_argilolimoneux;poisP_precAll_argileux;luzerne_precAll_limonosableux;ciVesce_precOrgeH_tousSols;ciVesce_precCP_tousSols;ciVesce_precOrgeP_tousSols;ciFeverole_precTour_tousSols;ciFeverole_precTriticale_tousSols;ciFeverole_precPrairieCP_tousSols;ciFeverole_precCP_tousSols;ciFeverole_precPoisP_tousSols;ciFeverole_precColza_argileux;ciFeverole_precColza_argilolimoneux;ciFeverole_precOrgeH_tousSols;ciFeverole_precSoja_tousSols;ciFeverole_precMaisEnsil_tousSols;ciTriticaleVert_precTour_tousSols;ciTriticaleVert_precTriticale_tousSols;ciTriticaleVert_precMaisEnsilP_tousSols;ciTriticaleVert_precOrgeP_tousSols;ciTriticaleVert_precPrairieCP_tousSols;ciTriticaleVert_precCP_tousSols;ciTriticaleVert_precPoisP_tousSols;ciTriticaleVert_precColza_argileux;ciTriticaleVert_precColza_argilolimoneux;ciTriticaleVert_precOrgeH_tousSols;ciTriticaleVert_precSoja_tousSols;ciFeverole_precLuzerne_tousSols;ciTriticaleVert_precLuzerne_tousSols;soja_precTritiVert_tousSols;ciFeverole_precOrgeP_tousSols;luzerne_precSoja_tousSols;maisEnsilP_precCITritiVert_tousSols;prairieCP_precAll_TousSols;gel_precAll_tousSols;poisp_ciFeverole_argilolimoneux;poisp_ciFeverole_argileux;orgep_precCiFeverole_argileux;orgep_precCiFeverole_argilolimoneux
IDS_SDCS;[NA];*;*;*;*;*;*;*;*;*;*;*;*;*;*;*;*;*;*;*;*;*;*;*;*;*;*;*;*;*;*;*;*;*;*;*;*;*;*;*;*;*;*;*;*;*;*;*;*;*;*;*;*;*;*;*;*;*;*;*;*;*;*;*;*;*;*;*;*;*;*;*;*;*;*;*;*;*;*;*;*;*;*;*;*;*;*;*
IDS_SDCS_CLASS;[NA];*;*;*;*;*;*;*;*;*;*;*;*;*;*;*;*;*;*;*;*;*;*;*;*;*;*;*;*;*;*;*;*;*;*;*;*;*;*;*;*;*;*;*;*;*;*;*;*;*;*;*;*;*;*;*;*;*;*;*;*;*;*;*;*;*;*;*;*;*;*;*;*;*;*;*;*;*;*;*;*;*;*;*;*;*;*;*
ID_ESPECE;[NA];gel;CP;CP;CP;CP;CP;triticale;triticale;orgeh;orgeh;orgeh;orgeh;ciCruciCourt;orgeh;ciCruciCourt;CP;triticale;orgeh;ciCruciCourt;orgeh;culture_printemps;orgeh;culture_printemps;CP;CP;CP;orgep;poisp;poisp;orgep;orgep;orgep;orgep;maisEnsil;maisEnsil;maisEnsil;tour;tour;tour;triticale;triticale;triticale;colza;colza;colza;colza;colza;luzerne;luzerne;poisp;luzerne;ciVesce;ciVesce;ciVesce;ciFeverole;ciFeverole;ciFeverole;ciFeverole;ciFeverole;ciFeverole;ciFeverole;ciFeverole;ciFeverole;ciFeverole;ciTriticaleVert;ciTriticaleVert;ciTriticaleVert;ciTriticaleVert;ciTriticaleVert;ciTriticaleVert;ciTriticaleVert;ciTriticaleVert;ciTriticaleVert;ciTriticaleVert;ciTriticaleVert;ciFeverole;ciTriticaleVert;soja;ciFeverole;luzerne;maisEnsilP;prairieCP;gel;poisp;poisp;orgep;orgep
MATERIEL;[NA];*;NA;NA;NA;NA;NA;NA;NA;NA;NA;NA;NA;NA;NA;NA;NA;NA;NA;NA;NA;NA;NA;NA;NA;NA;NA;NA;NA;NA;NA;NA;NA;NA;NA;NA;NA;NA;NA;NA;NA;NA;NA;NA;NA;NA;NA;NA;NA;NA;NA;NA;NA;NA;NA;NA;NA;NA;NA;NA;NA;NA;NA;NA;NA;NA;NA;NA;NA;NA;NA;NA;NA;NA;NA;NA;NA;NA;NA;NA;NA;NA;NA;NA;NA;NA;NA;NA
ID_PREC;[NA];*;gel|prairieCP|CP|colza|orgeh|orgep|poisp|triticale;gel|prairieCP|CP|colza|orgeh|orgep|poisp|triticale;colza|poisp;gel|culture_printemps|orgep|maisEnsil|tour;gel|culture_printemps|colza|orgep|maisEnsil|poisp|tour;gel|prairieCP|triticale|CP|colza|orgeh|orgep|poisp;gel|prairieCP|triticale|CP|colza|orgeh|orgep|poisp;soja|maisEnsilP|ciVesce|maisEnsil|tour;soja|maisEnsilP|ciVesce|maisEnsil|tour;soja|maisEnsilP|ciVesce|maisEnsil|tour;gel|prairieCP|orgeh|orgep|poisp|triticale|CP|colza;ciCruciCourt|gel|prairieCP|luzerne|soja|sorgho|feverole|tour|triticale|poisp|maisEnsil|orgep|orgeh|colza|CP|culture_printemps;gel|prairieCP|luzerne|orgeh|orgep|poisp|triticale|CP|colza;ciCruciCourt|gel|prairieCP|luzerne|soja|sorgho|feverole|tour|triticale|poisp|maisEnsil|orgep|orgeh|colza|CP|culture_printemps;soja|maisEnsilP|ciVesce|maisEnsil|tour;gel|prairieCP|triticale|CP|colza|orgeh|orgep|poisp;gel|prairieCP|orgeh|orgep|poisp|triticale|CP|colza;ciCruciCourt|gel|prairieCP|luzerne|soja|sorgho|feverole|tour|triticale|poisp|maisEnsil|orgep|orgeh|colza|CP|culture_printemps;gel|orgeh|triticale|CP;gel|triticale|orgeh|CP;gel|orgeh|triticale|CP;gel|triticale|orgeh|CP;gel|prairieCP|CP|colza|orgeh|orgep|poisp|triticale;soja|maisEnsilP|ciVesce|maisEnsil|tour;soja|maisEnsilP|ciVesce|maisEnsil|tour;soja|maisEnsilP|gel|prairieCP|orgep|maisEnsil|poisp|triticale|tour|CP|colza|orgeh;ciFeverole|ciCruciCourt|gel|prairieCP|luzerne|culture_printemps|poisp|triticale|tour|feverole|sorgho|soja|CP|colza|orgeh|orgep|maisEnsil;ciCruciCourt|gel|prairieCP|luzerne|culture_printemps|poisp|triticale|tour|feverole|sorgho|soja|CP|colza|orgeh|orgep|maisEnsil;soja|maisEnsilP|ciFeverole|gel|triticale|CP|orgeh;soja|maisEnsilP|ciFeverole|gel|triticale|CP|orgeh;soja|maisEnsilP|ciFeverole|gel|prairieCP|orgep|maisEnsil|poisp|triticale|tour|CP|colza|orgeh;soja|maisEnsilP|gel|prairieCP|orgep|maisEnsil|poisp|triticale|tour|CP|colza|orgeh;ciFeverole|ciCruciCourt|gel|prairieCP|luzerne|ciCruciCourt|maisEnsil|poisp|triticale|tour|CP|colza|orgeh|orgep;ciFeverole|ciCruciCourt|gel|prairieCP|luzerne|maisEnsil|poisp|triticale|tour|CP|colza|orgeh|orgep;ciFeverole|ciCruciCourt|gel|prairieCP|luzerne|maisEnsil|poisp|triticale|tour|CP|colza|orgeh|orgep;ciTriticaleVert|ciFeverole|ciCruciCourt|gel|prairieCP|culture_printemps|tour|feverole|sorgho|soja|CP|colza|orgeh|orgep|luzerne|maisEnsil|poisp|triticale;ciTriticaleVert|ciFeverole|ciCruciCourt|gel|prairieCP|culture_printemps|tour|feverole|sorgho|soja|CP|colza|orgeh|orgep|luzerne|maisEnsil|poisp|triticale;ciTriticaleVert|ciFeverole|ciCruciCourt|gel|prairieCP|culture_printemps|tour|feverole|sorgho|soja|CP|colza|orgeh|orgep|luzerne|maisEnsil|poisp|triticale;soja|maisEnsilP|tour|maisEnsil;soja|maisEnsilP|tour|maisEnsil;soja|maisEnsilP|tour|maisEnsil;maisEnsilP|gel|prairieCP|colza|orgeh|orgep|maisEnsil|luzerne|poisp|triticale|tour|CP;maisEnsilP|ciCruciCourt|gel|prairieCP|culture_printemps|colza|orgeh|orgep|maisEnsil|luzerne|poisp|triticale|tour|feverole|sorgho|soja|CP;maisEnsilP|gel|prairieCP|colza|orgeh|orgep|maisEnsil|luzerne|poisp|triticale|tour|CP;maisEnsilP|gel|orgeh|triticale|CP;maisEnsilP|gel|orgeh|triticale|CP;maisEnsilP|ciCruciCourt|gel|prairieCP|luzerne|culture_printemps|triticale|tour|feverole|sorgho|CP|colza|orgeh|orgep|maisEnsil|poisp;maisEnsilP|ciCruciCourt|gel|prairieCP|luzerne|culture_printemps|triticale|tour|feverole|sorgho|CP|colza|orgeh|orgep|maisEnsil|poisp;ciCruciCourt|gel|prairieCP|luzerne|culture_printemps|poisp|triticale|tour|feverole|sorgho|soja|CP|colza|orgeh|orgep|maisEnsil;maisEnsilP|ciCruciCourt|gel|prairieCP|luzerne|culture_printemps|triticale|tour|feverole|sorgho|CP|colza|orgeh|orgep|maisEnsil|poisp;orgeh;CP;orgep;tour;triticale;prairieCP;CP;poisp;colza;colza;orgeh|gel;soja;maisEnsilP|maisEnsil;tour;triticale;maisEnsilP;orgep;prairieCP;CP;poisp;colza;colza;orgeh|gel;soja;luzerne;luzerne;ciTriticaleVert;orgep;soja;ciTriticaleVert;soja|maisEnsilP|ciTriticaleVert|ciFeverole|ciVesce|ciCruciCourt|gel|prairieCP|triticale|soja|luzerne|poisp|feverole|orgep|orgeh|maisEnsil|tour|colza|CP;soja|maisEnsilP|ciTriticaleVert|ciFeverole|ciVesce|ciCruciCourt|gel|prairieCP|triticale|soja|luzerne|poisp|feverole|orgep|orgeh|maisEnsil|tour|colza|CP;ciFeverole;ciFeverole;ciFeverole;ciFeverole
ZONE_PEDO;[NA];*;argileux;limono-argileux|argilo-limoneux;terres rouges;terres rouges;crayeux;argileux;limono-argileux|argilo-limoneux;argileux;limono-argileux|argilo-limoneux;limono-sableux;argileux;argileux;limono-argileux|argilo-limoneux;limono-argileux|argilo-limoneux;argileux;limono-sableux;limono-sableux;limono-sableux;terres rouges;terres rouges;crayeux;crayeux;limono-sableux;limono-argileux|argilo-limoneux;limono-sableux;argileux;limono-sableux;limono-argileux|argilo-limoneux;terres rouges;crayeux;limono-sableux;limono-argileux|argilo-limoneux;argileux;limono-argileux|argilo-limoneux;limono-sableux;limono-sableux;limono-argileux|argilo-limoneux;argileux;limono-sableux;argileux;limono-argileux|argilo-limoneux;argileux;limono-argileux|argilo-limoneux;limono-sableux;terres rouges;crayeux;argileux;limono-argileux|argilo-limoneux;argileux;limono-sableux;crayeux|terres rouges|sableux|limono-sableux|limono-argileux|argilo-limoneux|argileux;crayeux|terres rouges|sableux|limono-sableux|limono-argileux|argilo-limoneux|argileux;crayeux|terres rouges|sableux|limono-sableux|limono-argileux|argilo-limoneux|argileux;crayeux|terres rouges|sableux|limono-sableux|limono-argileux|argilo-limoneux|argileux;crayeux|terres rouges|sableux|limono-sableux|limono-argileux|argilo-limoneux|argileux;crayeux|terres rouges|sableux|limono-sableux|limono-argileux|argilo-limoneux|argileux;crayeux|terres rouges|sableux|limono-sableux|limono-argileux|argilo-limoneux|argileux;crayeux|terres rouges|sableux|limono-sableux|limono-argileux|argilo-limoneux|argileux;crayeux|terres rouges|sableux|limono-sableux|argileux;limono-argileux|argilo-limoneux;crayeux|terres rouges|sableux|limono-sableux|limono-argileux|argilo-limoneux|argileux;crayeux|terres rouges|sableux|limono-sableux|limono-argileux|argilo-limoneux|argileux;crayeux|terres rouges|sableux|limono-sableux|limono-argileux|argilo-limoneux|argileux;crayeux|terres rouges|sableux|limono-sableux|limono-argileux|argilo-limoneux|argileux;crayeux|terres rouges|sableux|limono-sableux|limono-argileux|argilo-limoneux|argileux;crayeux|terres rouges|sableux|limono-sableux|limono-argileux|argilo-limoneux|argileux;crayeux|terres rouges|sableux|limono-sableux|limono-argileux|argilo-limoneux|argileux;crayeux|terres rouges|sableux|limono-sableux|limono-argileux|argilo-limoneux|argileux;crayeux|terres rouges|sableux|limono-sableux|limono-argileux|argilo-limoneux|argileux;crayeux|terres rouges|sableux|limono-sableux|limono-argileux|argilo-limoneux|argileux;crayeux|terres rouges|sableux|limono-sableux|argileux;limono-argileux|argilo-limoneux;crayeux|terres rouges|sableux|limono-sableux|limono-argileux|argilo-limoneux|argileux;crayeux|terres rouges|sableux|limono-sableux|limono-argileux|argilo-limoneux|argileux;crayeux|terres rouges|sableux|limono-sableux|limono-argileux|argilo-limoneux|argileux;crayeux|terres rouges|sableux|limono-sableux|limono-argileux|argilo-limoneux|argileux;limono-argileux|argilo-limoneux|argileux|limono-sableux;crayeux|terres rouges|sableux|limono-sableux|limono-argileux|argilo-limoneux|argileux;crayeux|terres rouges|sableux|limono-sableux|limono-argileux|argilo-limoneux|argileux;crayeux|terres rouges|sableux|limono-sableux|limono-argileux|argilo-limoneux|argileux;crayeux|terres rouges|sableux|limono-sableux|limono-argileux|argilo-limoneux|argileux;crayeux|terres rouges|sableux|limono-sableux|limono-argileux|argilo-limoneux|argileux;limono-argileux|argilo-limoneux|limono-sableux;argileux;argileux;limono-argileux|argilo-limoneux|limono-sableux
ZONE_PEDO_CLASS;[NA];tous;NA;NA;NA;NA;NA;NA;NA;NA;NA;NA;NA;NA;NA;NA;NA;NA;NA;NA;NA;NA;NA;NA;NA;NA;NA;NA;NA;NA;NA;NA;NA;NA;NA;NA;NA;NA;NA;NA;NA;NA;NA;NA;NA;NA;NA;NA;NA;NA;NA;NA;NA;NA;NA;NA;NA;NA;NA;NA;NA;NA;NA;NA;NA;NA;NA;NA;NA;NA;NA;NA;NA;NA;NA;NA;NA;NA;NA;NA;NA;NA;NA;NA;NA;NA;NA;NA
TYPE_EXPL;[NA];all;all;all;all;all;all;all;all;all;all;all;all;all;all;all;all;all;all;all;all;all;all;all;all;all;all;all;all;all;all;all;all;all;all;all;all;all;all;all;all;all;all;all;all;all;all;all;all;all;all;all;all;all;all;all;all;all;all;all;all;all;all;all;all;all;all;all;all;all;all;all;all;all;all;all;all;all;all;all;all;all;all;all;all;all;all;all
CLIMAT;[NA];NA;;;;;;;;;;;;;;;;;;;;;;;;;;;;;;;;;;;;;;;;;;;;;;;;;;;;;;;;;;;;;;;;;;;;;;;;;;;;;;;;;;;;;;
IS_CULTURE_HIVER;[NA];O;O;O;O;O;O;N;N;N;N;N;N;N;N;N;O;N;N;N;N;N;N;N;O;O;O;N;N;N;N;N;N;N;N;N;N;N;N;N;N;N;N;O;O;O;O;O;N;N;N;N;N;N;N;N;N;N;N;N;N;N;N;N;N;N;N;N;N;N;N;N;N;N;N;N;N;N;N;N;N;N;N;N;N;N;N;N
IS_PREPA;[NA];N;O;O;O;O;O;O;O;O;O;O;O;O;O;O;O;O;O;O;O;O;O;O;O;O;O;O;O;O;O;O;O;O;O;O;O;O;O;O;O;O;O;O;O;O;O;O;O;O;O;O;O;O;O;O;O;O;O;O;O;O;O;O;O;O;O;O;O;O;O;O;O;O;O;O;O;O;O;O;O;O;O;NA;O;O;O;O
PREPA_PASSAGES;[NA];NA;1;1;1;1;1;1;1;1;1;1;1;1;1;1;1;1;1;1;1;1;1;1;1;1;1;1;1;1;1;1;1;1;1;1;1;1;1;1;1;1;1;1;1;1;1;1;1;1;1;1;1;1;1;1;1;1;1;1;1;1;1;1;1;1;1;1;1;1;1;1;1;1;1;1;1;1;1;1;1;1;1;NA;1;1;1;1
PREPA_OUTIL;[nom];NA;Dechaumeur;Dechaumeur;Dechaumeur;Dechaumeur;Dechaumeur;Dechaumeur;Dechaumeur;Charrue;Charrue;Dechaumeur;Charrue;Dechaumeur;Charrue;Dechaumeur;Dechaumeur;Dechaumeur;Dechaumeur;Dechaumeur;Dechaumeur;Dechaumeur;Dechaumeur;Dechaumeur;Dechaumeur;Dechaumeur;Dechaumeur;Dechaumeur;Charrue;Dechaumeur;Dechaumeur;Dechaumeur;Dechaumeur;Dechaumeur;Herse rotative;Herse rotative;Herse rotative;Dechaumeur;Dechaumeur;Dechaumeur;Dechaumeur;Dechaumeur;Dechaumeur;Dechaumeur;Dechaumeur;Dechaumeur;Dechaumeur;Dechaumeur;Dechaumeur;Dechaumeur;Dechaumeur;Dechaumeur;Dechaumeur;Dechaumeur;Dechaumeur;Dechaumeur;Dechaumeur;Dechaumeur;Dechaumeur;Dechaumeur;Dechaumeur;Dechaumeur;Dechaumeur;Dechaumeur;Dechaumeur;Dechaumeur;Dechaumeur;Dechaumeur;Dechaumeur;Dechaumeur;Dechaumeur;Dechaumeur;Dechaumeur;Dechaumeur;Dechaumeur;Dechaumeur;Dechaumeur;Dechaumeur;Dechaumeur;Dechaumeur;Dechaumeur;Herse rotative;Dechaumeur;NA;Dechaumeur;Dechaumeur;Dechaumeur;Dechaumeur
PREPA_AGRIW;[bool];NA;oui;oui;oui;oui;oui;oui;oui;oui;oui;oui;oui;oui;oui;oui;oui;oui;oui;oui;oui;oui;oui;oui;oui;oui;oui;oui;oui;oui;oui;oui;oui;oui;oui;oui;oui;oui;oui;oui;oui;oui;oui;oui;oui;oui;oui;oui;oui;oui;oui;oui;oui;oui;oui;oui;oui;oui;oui;oui;oui;oui;oui;oui;oui;oui;oui;oui;oui;oui;oui;oui;oui;oui;oui;oui;oui;oui;oui;oui;oui;oui;oui;NA;oui;oui;oui;oui
PREPA_NB_SOUS_PERIODES;[NA];NA;1;2;1;1;1;1;1;2;2;2;2;2;2;2;2;1;2;2;1;1;1;1;2;2;2;1;1;1;1;1;1;1;1;1;1;1;1;1;1;1;1;1;1;1;1;1;1;1;1;1;1;1;1;1;1;1;1;1;1;1;1;1;1;1;1;1;1;1;1;1;1;1;1;1;1;1;1;1;1;1;2;NA;1;1;1;1
PREPA_TEMPS;[Ha/h];NA;2.5;2.5;2.5;2.5;2.5;2.5;2.5;1.3;1.3;2.5;1.3;2.5;1.3;2.5;2.5;2.5;2.5;2.5;2.5;2.5;2.5;2.5;2.5;2.5;2.5;2.5;2.5;2.5;2.5;2.5;2.5;2.5;1.9;1.9;1.9;2.5;2.5;2.5;2.5;2.5;2.5;2.5;2.5;2.5;2.5;2.5;2.5;2.5;2.5;2.5;2.5;2.5;2.5;2.5;2.5;2.5;2.5;2.5;2.5;2.5;2.5;2.5;2.5;2.5;2.5;2.5;2.5;2.5;2.5;2.5;2.5;2.5;2.5;2.5;2.5;2.5;1.5;2.5;2.5;1.9;2.5;NA;2.5;2.5;2.5;2.5
PREPA_DEBUT;[jour];NA;182;183|244;182;182;213;182;182;232|264;232|263;232|264;161|213;228|247;161|213;228|247;244|264;182;152|244;228|247;213;324;213;324;183|234;244|263;244|264;222;324;305;213;213;222;213;110;110;110;293;293;293;244;244;244;199;208;182;182;182;206;206;305;206;162;186;197;265;173;172;190;193;194;189;163;247;244;263;173;244;197;173;190;193;194;189;163;247;208;208;128;197;263;110;244|263;NA;51;51;51;51
PREPA_FIN;[jour];NA;253;243|253;273;273;273;253;253;263|273;263|273;263|273;212|222;247|259;212|222;247|259;264|273;253;243|253;247|259;273;31;273;31;233|244;263|273;263|274;273;31;31;273;273;293;213;130;130;130;359;359;359;273;273;273;244;266;211;211;211;217;217;31;217;164;188;199;267;175;174;192;195;196;191;165;249;246;265;175;246;199;175;192;195;196;191;165;249;210;210;138;199;274;130;263|273;NA;73;73;56;56
PREPA_JOURS_P-ETP_MIN;[jour];NA;NA;NA|NA;NA;NA;NA;NA;NA;NA|NA;NA|NA;NA|NA;NA|NA;NA|NA;NA|NA;NA|NA;NA|NA;NA;NA|NA;NA|NA;NA;NA;NA;NA;NA|NA;NA|NA;NA|NA;NA;NA;NA;NA;NA;NA;NA;NA;NA;NA;NA;NA;NA;NA;NA;NA;NA;NA;NA;NA;NA;NA;NA;NA;NA;NA;NA;NA;NA;NA;NA;NA;NA;NA;NA;NA;NA;NA;NA;NA;NA;NA;NA;NA;NA;NA;NA;NA;NA;NA;NA;NA;NA;NA;NA;NA|NA;NA;NA;NA;NA;NA
PREPA_P-ETP_MIN;[mm];NA;NA;NA|NA;NA;NA;NA;NA;NA;NA|NA;NA|NA;NA|NA;NA|NA;NA|NA;NA|NA;NA|NA;NA|NA;NA;NA|NA;NA|NA;NA;NA;NA;NA;NA|NA;NA|NA;NA|NA;NA;NA;NA;NA;NA;NA;NA;NA;NA;NA;NA;NA;NA;NA;NA;NA;NA;NA;NA;NA;NA;NA;NA;NA;NA;NA;NA;NA;NA;NA;NA;NA;NA;NA;NA;NA;NA;NA;NA;NA;NA;NA;NA;NA;NA;NA;NA;NA;NA;NA;NA;NA;NA;NA;NA;NA|NA;NA;NA;NA;NA;NA
PREPA_JOURS_PLUIE;[jour];NA;1;3|2;3;3;2;1;1;4|2;3|2;2|1;4|2;5|4;3|2;4|3;4|3;1;2|1;3|2;3;3;2;2;2|1;4|3;3|2;1;1;1;3;2;1;1;3;3;3;1;1;1;1;1;1;1;1;1;3;2;1;1;1;1;NA;NA;NA;NA;NA;NA;NA;NA;NA;NA;NA;NA;NA;NA;NA;NA;NA;NA;NA;NA;NA;NA;NA;NA;NA;NA;NA;NA;1;3;4|3;NA;1;1;1;1
PREPA_HAUTEURS_PLUIE_MAX;[mm];NA;5;0|0;0;0;0;5;10;0|0;0|0;0|0;0|0;0|0;0|0;0|0;0|0;10;0|0;0|0;0;5;0;5;0|0;0|0;0|0;5;10;10;0;0;10;10;0;0;0;10;10;5;10;5;10;5;10;10;0;0;0;10;5;5;NA;NA;NA;NA;NA;NA;NA;NA;NA;NA;NA;NA;NA;NA;NA;NA;NA;NA;NA;NA;NA;NA;NA;NA;NA;NA;NA;NA;0;0;0|0;NA;10;5;5;10
PREPA_HUMIDITE_SOL_MAX;[%];NA;0.9;0.9|0.9;NA;NA;NA;0.9;NA;0.9|0.9;0.9|0.9;NA|NA;0.9|0.9;0.9|0.9;0.9|0.9;0.9|0.9;NA|NA;NA;NA|NA;0.9|0.9;NA;0.9;NA;0.9;NA|NA;NA|NA;NA|NA;0.9;NA;NA;NA;NA;NA;NA;0.8;0.8;0.9;0.95;0.8;0.8;NA;0.9;NA;0.9;NA;NA;NA;NA;NA;NA;0.9;0.9;NA;NA;NA;NA;NA;NA;NA;NA;NA;NA;NA;NA;NA;NA;NA;NA;NA;NA;NA;NA;NA;NA;NA;NA;NA;NA;NA;NA;NA;0.8;NA|NA;NA;NA;0.9;0.9;NA
PREPA_EFFET_RUs;[NA];NA;8;8|8;8;8;8;8;8;15|15;15|15;8|8;15|15;8|8;15|15;8|8;8|8;8;8|8;8|8;8;8;8;8;8|8;8|8;8|8;8;15;8;8;8;8;8;7;7;7;10;10;10;8;8;8;8;8;8;8;8;8;8;8;8;8;8;8;8;8;8;8;8;8;8;8;8;8;8;8;8;8;8;8;8;8;8;8;8;8;8;8;8;8;7;8|8;NA;8;8;8;8
PREPA_TEMPERATURE_MIN;[C];N;NA;NA|NA;NA;NA;NA;NA;NA;NA|NA;NA|NA;NA|NA;NA|NA;NA|NA;NA|NA;NA|NA;NA|NA;NA;NA|NA;NA|NA;NA;NA;NA;NA;NA|NA;NA|NA;NA|NA;NA;NA;NA;NA;NA;NA;NA;NA;NA;NA;NA;NA;NA;NA;NA;NA;NA;NA;NA;NA;NA;NA;NA;NA;NA;NA;NA;NA;NA;NA;NA;NA;NA;NA;NA;NA;NA;NA;NA;NA;NA;NA;NA;NA;NA;NA;NA;NA;NA;NA;NA;NA;NA;NA;NA;NA|NA;NA;NA;NA;NA;NA
PREPA_JOURS_TEMP_MIN;[jour];N;NA;NA|NA;NA;NA;NA;NA;NA;NA|NA;NA|NA;NA|NA;NA|NA;NA|NA;NA|NA;NA|NA;NA|NA;NA;NA|NA;NA|NA;NA;NA;NA;NA;NA|NA;NA|NA;NA|NA;NA;NA;NA;NA;NA;NA;NA;NA;NA;NA;NA;NA;NA;NA;NA;NA;NA;NA;NA;NA;NA;NA;NA;NA;NA;NA;NA;NA;NA;NA;NA;NA;NA;NA;NA;NA;NA;NA;NA;NA;NA;NA;NA;NA;NA;NA;NA;NA;NA;NA;NA;NA;NA;NA;NA;NA|NA;NA;NA;NA;NA;NA
PREPA_TEMPERATURE_MAX;[C];N;NA;NA|NA;NA;NA;NA;NA;NA;NA|NA;NA|NA;NA|NA;NA|NA;NA|NA;NA|NA;NA|NA;NA|NA;NA;NA|NA;NA|NA;NA;NA;NA;NA;NA|NA;NA|NA;NA|NA;NA;NA;NA;NA;NA;NA;NA;NA;NA;NA;NA;NA;NA;NA;NA;NA;NA;NA;NA;NA;NA;NA;NA;NA;NA;NA;NA;NA;NA;NA;NA;NA;NA;NA;NA;NA;NA;NA;NA;NA;NA;NA;NA;NA;NA;NA;NA;NA;NA;NA;NA;NA;NA;NA;NA;NA|NA;NA;NA;NA;NA;NA
PREPA_JOURS_TEMP_MAX;[jour];N;NA;NA|NA;NA;NA;NA;NA;NA;NA|NA;NA|NA;NA|NA;NA|NA;NA|NA;NA|NA;NA|NA;NA|NA;NA;NA|NA;NA|NA;NA;NA;NA;NA;NA|NA;NA|NA;NA|NA;NA;NA;NA;NA;NA;NA;NA;NA;NA;NA;NA;NA;NA;NA;NA;NA;NA;NA;NA;NA;NA;NA;NA;NA;NA;NA;NA;NA;NA;NA;NA;NA;NA;NA;NA;NA;NA;NA;NA;NA;NA;NA;NA;NA;NA;NA;NA;NA;NA;NA;NA;NA;NA;NA;NA;NA|NA;NA;NA;NA;NA;NA
PREPA_TEMPERATURE_MAX_INF;[C];N;NA;NA|NA;NA;NA;NA;NA;NA;NA|NA;NA|NA;NA|NA;NA|NA;NA|NA;NA|NA;NA|NA;NA|NA;NA;NA|NA;NA|NA;NA;NA;NA;NA;NA|NA;NA|NA;NA|NA;NA;NA;NA;NA;NA;NA;NA;NA;NA;NA;NA;NA;NA;NA;NA;NA;NA;NA;NA;NA;NA;NA;NA;NA;NA;NA;NA;NA;NA;NA;NA;NA;NA;NA;NA;NA;NA;NA;NA;NA;NA;NA;NA;NA;NA;NA;NA;NA;NA;NA;NA;NA;NA;NA;NA;NA|NA;NA;NA;NA;NA;NA
PREPA_JOURS_TEMP_MAX_INF;[jour];N;NA;NA|NA;NA;NA;NA;NA;NA;NA|NA;NA|NA;NA|NA;NA|NA;NA|NA;NA|NA;NA|NA;NA|NA;NA;NA|NA;NA|NA;NA;NA;NA;NA;NA|NA;NA|NA;NA|NA;NA;NA;NA;NA;NA;NA;NA;NA;NA;NA;NA;NA;NA;NA;NA;NA;NA;NA;NA;NA;NA;NA;NA;NA;NA;NA;NA;NA;NA;NA;NA;NA;NA;NA;NA;NA;NA;NA;NA;NA;NA;NA;NA;NA;NA;NA;NA;NA;NA;NA;NA;NA;NA;NA;NA;NA|NA;NA;NA;NA;NA;NA
IS_REPRISE;[NA];N;NA;NA;NA;NA;NA;NA;NA;NA;NA;NA;NA;NA;NA;NA;NA;NA;NA;NA;NA;NA;NA;NA;NA;NA;NA;NA;NA;NA;NA;NA;NA;NA;NA;NA;NA;NA;NA;NA;NA;NA;NA;NA;NA;NA;NA;NA;NA;NA;NA;NA;NA;NA;NA;NA;NA;NA;NA;NA;NA;NA;NA;NA;NA;NA;NA;NA;NA;NA;NA;NA;NA;NA;NA;NA;NA;NA;NA;NA;NA;NA;NA;NA;NA;NA;NA;NA
REPRISE_PASSAGES;[NA];NA;NA;NA;NA;NA;NA;NA;NA;NA;NA;NA;NA;NA;NA;NA;NA;NA;NA;NA;NA;NA;NA;NA;NA;NA;NA;NA;NA;NA;NA;NA;NA;NA;NA;NA;NA;NA;NA;NA;NA;NA;NA;NA;NA;NA;NA;NA;NA;NA;NA;NA;NA;NA;NA;NA;NA;NA;NA;NA;NA;NA;NA;NA;NA;NA;NA;NA;NA;NA;NA;NA;NA;NA;NA;NA;NA;NA;NA;NA;NA;NA;NA;NA;NA;NA;NA;NA
REPRISE_OUTIL;[nom];NA;NA;NA;NA;NA;NA;NA;NA;NA;NA;NA;NA;NA;NA;NA;NA;NA;NA;NA;NA;NA;NA;NA;NA;NA;NA;NA;NA;NA;NA;NA;NA;NA;NA;NA;NA;NA;NA;NA;NA;NA;NA;NA;NA;NA;NA;NA;NA;NA;NA;NA;NA;NA;NA;NA;NA;NA;NA;NA;NA;NA;NA;NA;NA;NA;NA;NA;NA;NA;NA;NA;NA;NA;NA;NA;NA;NA;NA;NA;NA;NA;NA;NA;NA;NA;NA;NA
REPRISE_AGRIW;[bool];NA;NA;NA;NA;NA;NA;NA;NA;NA;NA;NA;NA;NA;NA;NA;NA;NA;NA;NA;NA;NA;NA;NA;NA;NA;NA;NA;NA;NA;NA;NA;NA;NA;NA;NA;NA;NA;NA;NA;NA;NA;NA;NA;NA;NA;NA;NA;NA;NA;NA;NA;NA;NA;NA;NA;NA;NA;NA;NA;NA;NA;NA;NA;NA;NA;NA;NA;NA;NA;NA;NA;NA;NA;NA;NA;NA;NA;NA;NA;NA;NA;NA;NA;NA;NA;NA;NA
REPRISE_NB_SOUS_PERIODES;[NA];NA;NA;NA;NA;NA;NA;NA;NA;NA;NA;NA;NA;NA;NA;NA;NA;NA;NA;NA;NA;NA;NA;NA;NA;NA;NA;NA;NA;NA;NA;NA;NA;NA;NA;NA;NA;NA;NA;NA;NA;NA;NA;NA;NA;NA;NA;NA;NA;NA;NA;NA;NA;NA;NA;NA;NA;NA;NA;NA;NA;NA;NA;NA;NA;NA;NA;NA;NA;NA;NA;NA;NA;NA;NA;NA;NA;NA;NA;NA;NA;NA;NA;NA;NA;NA;NA;NA
REPRISE_TEMPS;[Ha/h];NA;NA;NA;NA;NA;NA;NA;NA;NA;NA;NA;NA;NA;NA;NA;NA;NA;NA;NA;NA;NA;NA;NA;NA;NA;NA;NA;NA;NA;NA;NA;NA;NA;NA;NA;NA;NA;NA;NA;NA;NA;NA;NA;NA;NA;NA;NA;NA;NA;NA;NA;NA;NA;NA;NA;NA;NA;NA;NA;NA;NA;NA;NA;NA;NA;NA;NA;NA;NA;NA;NA;NA;NA;NA;NA;NA;NA;NA;NA;NA;NA;NA;NA;NA;NA;NA;NA
REPRISE_DEBUT;[jour];NA;NA;NA;NA;NA;NA;NA;NA;NA;NA;NA;NA;NA;NA;NA;NA;NA;NA;NA;NA;NA;NA;NA;NA;NA;NA;NA;NA;NA;NA;NA;NA;NA;NA;NA;NA;NA;NA;NA;NA;NA;NA;NA;NA;NA;NA;NA;NA;NA;NA;NA;NA;NA;NA;NA;NA;NA;NA;NA;NA;NA;NA;NA;NA;NA;NA;NA;NA;NA;NA;NA;NA;NA;NA;NA;NA;NA;NA;NA;NA;NA;NA;NA;NA;NA;NA;NA
REPRISE_FIN;[jour];NA;NA;NA;NA;NA;NA;NA;NA;NA;NA;NA;NA;NA;NA;NA;NA;NA;NA;NA;NA;NA;NA;NA;NA;NA;NA;NA;NA;NA;NA;NA;NA;NA;NA;NA;NA;NA;NA;NA;NA;NA;NA;NA;NA;NA;NA;NA;NA;NA;NA;NA;NA;NA;NA;NA;NA;NA;NA;NA;NA;NA;NA;NA;NA;NA;NA;NA;NA;NA;NA;NA;NA;NA;NA;NA;NA;NA;NA;NA;NA;NA;NA;NA;NA;NA;NA;NA
REPRISE_JOURS_P-ETP_MIN;[jour];NA;NA;NA;NA;NA;NA;NA;NA;NA;NA;NA;NA;NA;NA;NA;NA;NA;NA;NA;NA;NA;NA;NA;NA;NA;NA;NA;NA;NA;NA;NA;NA;NA;NA;NA;NA;NA;NA;NA;NA;NA;NA;NA;NA;NA;NA;NA;NA;NA;NA;NA;NA;NA;NA;NA;NA;NA;NA;NA;NA;NA;NA;NA;NA;NA;NA;NA;NA;NA;NA;NA;NA;NA;NA;NA;NA;NA;NA;NA;NA;NA;NA;NA;NA;NA;NA;NA
REPRISE_P-ETP_MIN;[mm];NA;NA;NA;NA;NA;NA;NA;NA;NA;NA;NA;NA;NA;NA;NA;NA;NA;NA;NA;NA;NA;NA;NA;NA;NA;NA;NA;NA;NA;NA;NA;NA;NA;NA;NA;NA;NA;NA;NA;NA;NA;NA;NA;NA;NA;NA;NA;NA;NA;NA;NA;NA;NA;NA;NA;NA;NA;NA;NA;NA;NA;NA;NA;NA;NA;NA;NA;NA;NA;NA;NA;NA;NA;NA;NA;NA;NA;NA;NA;NA;NA;NA;NA;NA;NA;NA;NA
REPRISE_JOURS_PLUIE;[jour];NA;NA;NA;NA;NA;NA;NA;NA;NA;NA;NA;NA;NA;NA;NA;NA;NA;NA;NA;NA;NA;NA;NA;NA;NA;NA;NA;NA;NA;NA;NA;NA;NA;NA;NA;NA;NA;NA;NA;NA;NA;NA;NA;NA;NA;NA;NA;NA;NA;NA;NA;NA;NA;NA;NA;NA;NA;NA;NA;NA;NA;NA;NA;NA;NA;NA;NA;NA;NA;NA;NA;NA;NA;NA;NA;NA;NA;NA;NA;NA;NA;NA;NA;NA;NA;NA;NA
REPRISE_HAUTEURS_PLUIE_MAX;[mm];NA;NA;NA;NA;NA;NA;NA;NA;NA;NA;NA;NA;NA;NA;NA;NA;NA;NA;NA;NA;NA;NA;NA;NA;NA;NA;NA;NA;NA;NA;NA;NA;NA;NA;NA;NA;NA;NA;NA;NA;NA;NA;NA;NA;NA;NA;NA;NA;NA;NA;NA;NA;NA;NA;NA;NA;NA;NA;NA;NA;NA;NA;NA;NA;NA;NA;NA;NA;NA;NA;NA;NA;NA;NA;NA;NA;NA;NA;NA;NA;NA;NA;NA;NA;NA;NA;NA
REPRISE_HUMIDITE_SOL_MAX;[%];NA;NA;NA;NA;NA;NA;NA;NA;NA;NA;NA;NA;NA;NA;NA;NA;NA;NA;NA;NA;NA;NA;NA;NA;NA;NA;NA;NA;NA;NA;NA;NA;NA;NA;NA;NA;NA;NA;NA;NA;NA;NA;NA;NA;NA;NA;NA;NA;NA;NA;NA;NA;NA;NA;NA;NA;NA;NA;NA;NA;NA;NA;NA;NA;NA;NA;NA;NA;NA;NA;NA;NA;NA;NA;NA;NA;NA;NA;NA;NA;NA;NA;NA;NA;NA;NA;NA
REPRISE_EFFET_RUs;[NA];NA;NA;NA;NA;NA;NA;NA;NA;NA;NA;NA;NA;NA;NA;NA;NA;NA;NA;NA;NA;NA;NA;NA;NA;NA;NA;NA;NA;NA;NA;NA;NA;NA;NA;NA;NA;NA;NA;NA;NA;NA;NA;NA;NA;NA;NA;NA;NA;NA;NA;NA;NA;NA;NA;NA;NA;NA;NA;NA;NA;NA;NA;NA;NA;NA;NA;NA;NA;NA;NA;NA;NA;NA;NA;NA;NA;NA;NA;NA;NA;NA;NA;NA;NA;NA;NA;NA
REPRISE_TEMPERATURE_MIN;[C];N;NA;NA;NA;NA;NA;NA;NA;NA;NA;NA;NA;NA;NA;NA;NA;NA;NA;NA;NA;NA;NA;NA;NA;NA;NA;NA;NA;NA;NA;NA;NA;NA;NA;NA;NA;NA;NA;NA;NA;NA;NA;NA;NA;NA;NA;NA;NA;NA;NA;NA;NA;NA;NA;NA;NA;NA;NA;NA;NA;NA;NA;NA;NA;NA;NA;NA;NA;NA;NA;NA;NA;NA;NA;NA;NA;NA;NA;NA;NA;NA;NA;NA;NA;NA;NA;NA
REPRISE_JOURS_TEMP_MIN;[jour];N;NA;NA;NA;NA;NA;NA;NA;NA;NA;NA;NA;NA;NA;NA;NA;NA;NA;NA;NA;NA;NA;NA;NA;NA;NA;NA;NA;NA;NA;NA;NA;NA;NA;NA;NA;NA;NA;NA;NA;NA;NA;NA;NA;NA;NA;NA;NA;NA;NA;NA;NA;NA;NA;NA;NA;NA;NA;NA;NA;NA;NA;NA;NA;NA;NA;NA;NA;NA;NA;NA;NA;NA;NA;NA;NA;NA;NA;NA;NA;NA;NA;NA;NA;NA;NA;NA
REPRISE_TEMPERATURE_MAX;[C];N;NA;NA;NA;NA;NA;NA;NA;NA;NA;NA;NA;NA;NA;NA;NA;NA;NA;NA;NA;NA;NA;NA;NA;NA;NA;NA;NA;NA;NA;NA;NA;NA;NA;NA;NA;NA;NA;NA;NA;NA;NA;NA;NA;NA;NA;NA;NA;NA;NA;NA;NA;NA;NA;NA;NA;NA;NA;NA;NA;NA;NA;NA;NA;NA;NA;NA;NA;NA;NA;NA;NA;NA;NA;NA;NA;NA;NA;NA;NA;NA;NA;NA;NA;NA;NA;NA
REPRISE_JOURS_TEMP_MAX;[jour];N;NA;NA;NA;NA;NA;NA;NA;NA;NA;NA;NA;NA;NA;NA;NA;NA;NA;NA;NA;NA;NA;NA;NA;NA;NA;NA;NA;NA;NA;NA;NA;NA;NA;NA;NA;NA;NA;NA;NA;NA;NA;NA;NA;NA;NA;NA;NA;NA;NA;NA;NA;NA;NA;NA;NA;NA;NA;NA;NA;NA;NA;NA;NA;NA;NA;NA;NA;NA;NA;NA;NA;NA;NA;NA;NA;NA;NA;NA;NA;NA;NA;NA;NA;NA;NA;NA
REPRISE_TEMPERATURE_MAX_INF;[C];N;NA;NA;NA;NA;NA;NA;NA;NA;NA;NA;NA;NA;NA;NA;NA;NA;NA;NA;NA;NA;NA;NA;NA;NA;NA;NA;NA;NA;NA;NA;NA;NA;NA;NA;NA;NA;NA;NA;NA;NA;NA;NA;NA;NA;NA;NA;NA;NA;NA;NA;NA;NA;NA;NA;NA;NA;NA;NA;NA;NA;NA;NA;NA;NA;NA;NA;NA;NA;NA;NA;NA;NA;NA;NA;NA;NA;NA;NA;NA;NA;NA;NA;NA;NA;NA;NA
REPRISE_JOURS_TEMP_MAX_INF;[jour];N;NA;NA;NA;NA;NA;NA;NA;NA;NA;NA;NA;NA;NA;NA;NA;NA;NA;NA;NA;NA;NA;NA;NA;NA;NA;NA;NA;NA;NA;NA;NA;NA;NA;NA;NA;NA;NA;NA;NA;NA;NA;NA;NA;NA;NA;NA;NA;NA;NA;NA;NA;NA;NA;NA;NA;NA;NA;NA;NA;NA;NA;NA;NA;NA;NA;NA;NA;NA;NA;NA;NA;NA;NA;NA;NA;NA;NA;NA;NA;NA;NA;NA;NA;NA;NA;NA
REPRISE_TEMPERATURE_MIN;[C];N;NA;NA;NA;NA;NA;NA;NA;NA;NA;NA;NA;NA;NA;NA;NA;NA;NA;NA;NA;NA;NA;NA;NA;NA;NA;NA;NA;NA;NA;NA;NA;NA;NA;NA;NA;NA;NA;NA;NA;NA;NA;NA;NA;NA;NA;NA;NA;NA;NA;NA;NA;NA;NA;NA;NA;NA;NA;NA;NA;NA;NA;NA;NA;NA;NA;NA;NA;NA;NA;NA;NA;NA;NA;NA;NA;NA;NA;NA;NA;NA;NA;NA;NA;NA;NA;NA
REPRISE_JOURS_TEMP_MIN;[jour];N;NA;NA;NA;NA;NA;NA;NA;NA;NA;NA;NA;NA;NA;NA;NA;NA;NA;NA;NA;NA;NA;NA;NA;NA;NA;NA;NA;NA;NA;NA;NA;NA;NA;NA;NA;NA;NA;NA;NA;NA;NA;NA;NA;NA;NA;NA;NA;NA;NA;NA;NA;NA;NA;NA;NA;NA;NA;NA;NA;NA;NA;NA;NA;NA;NA;NA;NA;NA;NA;NA;NA;NA;NA;NA;NA;NA;NA;NA;NA;NA;NA;NA;NA;NA;NA;NA
REPRISE_TEMPERATURE_MAX;[C];N;NA;NA;NA;NA;NA;NA;NA;NA;NA;NA;NA;NA;NA;NA;NA;NA;NA;NA;NA;NA;NA;NA;NA;NA;NA;NA;NA;NA;NA;NA;NA;NA;NA;NA;NA;NA;NA;NA;NA;NA;NA;NA;NA;NA;NA;NA;NA;NA;NA;NA;NA;NA;NA;NA;NA;NA;NA;NA;NA;NA;NA;NA;NA;NA;NA;NA;NA;NA;NA;NA;NA;NA;NA;NA;NA;NA;NA;NA;NA;NA;NA;NA;NA;NA;NA;NA
REPRISE_JOURS_TEMP_MAX;[jour];N;NA;NA;NA;NA;NA;NA;NA;NA;NA;NA;NA;NA;NA;NA;NA;NA;NA;NA;NA;NA;NA;NA;NA;NA;NA;NA;NA;NA;NA;NA;NA;NA;NA;NA;NA;NA;NA;NA;NA;NA;NA;NA;NA;NA;NA;NA;NA;NA;NA;NA;NA;NA;NA;NA;NA;NA;NA;NA;NA;NA;NA;NA;NA;NA;NA;NA;NA;NA;NA;NA;NA;NA;NA;NA;NA;NA;NA;NA;NA;NA;NA;NA;NA;NA;NA;NA
REPRISE_TEMPERATURE_MAX_INF;[C];N;NA;NA;NA;NA;NA;NA;NA;NA;NA;NA;NA;NA;NA;NA;NA;NA;NA;NA;NA;NA;NA;NA;NA;NA;NA;NA;NA;NA;NA;NA;NA;NA;NA;NA;NA;NA;NA;NA;NA;NA;NA;NA;NA;NA;NA;NA;NA;NA;NA;NA;NA;NA;NA;NA;NA;NA;NA;NA;NA;NA;NA;NA;NA;NA;NA;NA;NA;NA;NA;NA;NA;NA;NA;NA;NA;NA;NA;NA;NA;NA;NA;NA;NA;NA;NA;NA
REPRISE_JOURS_TEMP_MAX_INF;[jour];N;NA;NA;NA;NA;NA;NA;NA;NA;NA;NA;NA;NA;NA;NA;NA;NA;NA;NA;NA;NA;NA;NA;NA;NA;NA;NA;NA;NA;NA;NA;NA;NA;NA;NA;NA;NA;NA;NA;NA;NA;NA;NA;NA;NA;NA;NA;NA;NA;NA;NA;NA;NA;NA;NA;NA;NA;NA;NA;NA;NA;NA;NA;NA;NA;NA;NA;NA;NA;NA;NA;NA;NA;NA;NA;NA;NA;NA;NA;NA;NA;NA;NA;NA;NA;NA;NA
IS_SEMIS;[NA];O;O;O;O;O;O;O;O;O;O;O;O;O;O;O;O;O;O;O;O;O;O;O;O;O;O;O;O;O;O;O;O;O;O;O;O;O;O;O;O;O;O;O;O;O;O;O;O;O;O;O;O;O;O;O;O;O;O;O;O;O;O;O;O;O;O;O;O;O;O;O;O;O;O;O;O;O;O;O;O;O;O;O;O;O;O;O
SEMIS_PASSAGES;[NA];NA;1;1;1;1;1;1;1;1;1;1;1;1;1;1;1;1;1;1;1;1;1;1;1;1;1;1;1;1;1;1;1;1;1;1;1;1;1;1;1;1;1;1;1;1;1;1;1;1;1;1;1;1;1;1;1;1;1;1;1;1;1;1;1;1;1;1;1;1;1;1;1;1;1;1;1;1;1;1;1;1;1;1;1;1;1;1
SEMIS_OUTIL;[nom];NA;Semoir combine;Semoir combine;Semoir classique;Semoir classique;Semoir classique;Semoir combine;Semoir combine;Semoir combine;Semoir combine;Semoir combine;Semoir combine;Semoir classique;Semoir combine;Semoir classique;Semoir combine;Semoir combine;Semoir combine;Semoir classique;Semoir classique;Semoir classique;Semoir classique;Semoir classique;Semoir combine;Semoir combine;Semoir combine;Semoir classique;Semoir classique;Semoir classique;Semoir classique;Semoir classique;Semoir classique;Semoir classique;Semoir mais-tournesol;Semoir mais-tournesol;Semoir mais-tournesol;Semoir mais-tournesol;Semoir mais-tournesol;Semoir mais-tournesol;Semoir combine;Semoir combine;Semoir combine;Semoir classique;Semoir classique;Semoir classique;Semoir classique;Semoir classique;Semoir classique;Semoir classique;Semoir classique;Semoir classique;Semoir classique;Semoir classique;Semoir classique;Semoir classique;Semoir classique;Semoir classique;Semoir classique;Semoir classique;Semoir classique;Semoir classique;Semoir classique;Semoir classique;Semoir classique;Semoir classique;Semoir classique;Semoir classique;Semoir classique;Semoir classique;Semoir classique;Semoir classique;Semoir classique;Semoir classique;Semoir classique;Semoir classique;Semoir classique;Semoir classique;Semoir mono-graine;Semoir classique;Semoir classique;Semoir mais-tournesol;Semoir combine;Semoir classique;Semoir classique;Semoir classique;Semoir classique;Semoir classique
SEMIS_AGRIW;[bool];NA;oui;oui;oui;oui;oui;oui;oui;oui;oui;oui;oui;oui;oui;oui;oui;oui;oui;oui;oui;oui;oui;oui;oui;oui;oui;oui;oui;oui;oui;oui;oui;oui;oui;oui;oui;oui;oui;oui;oui;oui;oui;oui;oui;oui;oui;oui;oui;oui;oui;oui;oui;oui;oui;oui;oui;oui;oui;oui;oui;oui;oui;oui;oui;oui;oui;oui;oui;oui;oui;oui;oui;oui;oui;oui;oui;oui;oui;oui;oui;oui;oui;non;oui;oui;oui;oui
SEMIS_TEMPS;[Ha/h];1000;1.4;1.4;1.4;1.4;1.4;1.4;1.4;1.4;1.4;1.4;1.4;1.4;1.4;1.4;1.4;1.4;1.4;1.4;1.4;1.4;1.4;1.4;1.4;1.4;1.4;1.4;1.4;1.4;1.4;1.4;1.4;1.4;2;2;2;2;2;2;1.4;1.4;1.4;1.4;1.4;1.4;1.4;1.4;1.4;1.4;1.4;1.4;1.4;1.4;1.4;1.4;1.4;1.4;1.4;1.4;1.4;1.4;1.4;1.4;1.4;1.4;1.4;1.4;1.4;1.4;1.4;1.4;1.4;1.4;1.4;1.4;1.4;1.4;1;1.4;1.4;2;1.4;1.4;1.4;1.4;1.4;1.4
SEMIS_NB_SOUS_PERIODES;[NA];1;2;2;2;2;2;1;1;2;2;2;2;2;2;2;2;1;2;2;2;2;2;2;2;2;2;1;1;1;2;2;1;1;2;2;2;1;1;1;1;1;1;1;1;1;2;2;1;1;1;1;1;1;1;1;1;1;1;1;1;1;1;1;1;1;1;1;1;1;1;1;1;1;1;1;1;1;1;1;1;2;2;1;1;1;1;1
SEMIS_DEBUT;[jour];10;263|305;263|305;288|294;288|294;288|294;263;263;253|294;253|294;253|294;253|294;228|258;253|294;228|258;263|305;263;233|294;228|258;288|293;74|79;288|293;74|79;263|305;263|305;263|305;51;74;74;51|64;51|64;51;65;100|131;100|131;110|131;101;101;101;263;263;263;220;220;213;213|243;213|243;217;217;74;217;165;189;200;268;176;175;193;196;197;192;165;250;247;266;176;247;200;176;193;196;197;192;166;250;211;208;130;200;274;115|146;263;10;74;74;68;68
SEMIS_FIN;[jour];20;304|314;304|314;294|304;294|304;294|304;314;314;293|303;293|303;293|303;293|303;258|268;293|303;258|268;304|314;314;293|303;258|268;293|304;79|90;293|304;79|90;304|314;304|314;304|314;95;88;88;64|74;64|74;64;95;130|140;130|140;130|140;111;111;111;314;314;314;245;245;222;243|253;243|253;227;227;88;227;207;231;232;276;224;203;231;214;214;231;207;286;285;274;224;285;232;203;231;214;214;231;207;286;224;224;140;232;286;145|155;265;20;88;88;95;95
SEMIS_JOURS_PLUIE;[jour];NA;3|2;3|2;3|2;3|2;2|1;3;2;3|2;3|2;3|2;3|2;3|2;3|2;3|2;3|2;2;3|2;3|2;3|2;3|2;2|1;2|1;3|2;3|2;3|2;3;2;2;3|2;2|1;2;2;3|2;3|2;3|2;2;2;3;2;2;2;3;2;2;3|2;2|1;2;2;3;3;NA;NA;NA;NA;NA;NA;NA;NA;NA;NA;NA;NA;NA;NA;NA;NA;NA;NA;NA;NA;NA;NA;NA;NA;NA;NA;NA;NA;2;3|2;NA;NA;2;3;3;2
SEMIS_HAUTEURS_PLUIE_MAX;[mm];NA;0|0;0|0;0|0;0|0;0|0;20;15;0|0;0|0;0|0;0|0;0|0;0|0;0|0;0|0;15;0|0;0|0;0|0;1|1;0|0;1|1;0|0;0|0;0|0;20;15;15;0|0;0|0;15;15;0|0;0|0;0|0;15;15;20;15;15;15;20;15;15;0|0;0|0;15;15;20;20;NA;NA;NA;NA;NA;NA;NA;NA;NA;NA;NA;NA;NA;NA;NA;NA;NA;NA;NA;NA;NA;NA;NA;NA;NA;NA;NA;NA;15;0|0;NA;NA;15;20;20;15
SEMIS_HUMIDITE_SOL_MAX;[%];NA;NA|NA;NA|NA;NA|NA;NA|NA;NA|NA;1;1;NA|NA;NA|NA;0.9|1;NA|NA;NA|NA;NA|NA;NA|NA;NA|NA;NA;0.9|1;0.9|1;NA|NA;0.9|1;NA|NA;0.9|1;0.9|1;NA|NA;0.9|1;1;NA;1;NA|NA;NA|NA;NA;1;NA|NA;NA|NA;0.9|1;NA;1;1;NA;1;1;1;1;NA;NA|NA;NA|NA;NA;1;0.9;1;NA;NA;NA;NA;NA;NA;NA;NA;NA;NA;NA;NA;NA;NA;NA;NA;NA;NA;NA;NA;NA;NA;NA;NA;NA;NA;NA;NA;NA;NA|NA;NA;NA;1;0.9;1;1
SEMIS_EFFET_RUs;[?];NA;6|6;6|6;0|0;0|0;0|0;6;6;6|6;6|6;6|6;6|6;0|0;6|6;0|0;6|6;6;6|6;0|0;0|0;0|0;0|0;0|0;6|6;6|6;6|6;0;0;0;0|0;0|0;0;0;6|6;6|6;6|6;0;0;0;6;6;6;0;0;0;0|0;0|0;0;0;0;0;0;0;0;0;0;0;0;0;0;0;0;0;0;0;0;0;0;0;0;0;0;0;0;0;0;0;0;0;0;6|6;0;0;0;0;0;0
SEMIS_OPERATEUR;[NA];NA;NA;NA;NA;NA;NA;NA;NA;NA;NA;NA;NA;NA;NA;NA;NA;NA;NA;NA;NA;NA;NA;NA;NA;NA;NA;NA;NA;NA;NA;NA;NA;NA;NA;NA;NA;NA;NA;NA;NA;NA;NA;NA;NA;NA;NA;NA;NA;NA;NA;NA;NA;NA;NA;NA;NA;NA;NA;NA;NA;NA;NA;NA;NA;NA;NA;NA;NA;NA;NA;NA;NA;NA;NA;NA;NA;NA;NA;NA;NA;NA;NA;NA;NA;NA;NA;NA
SEMIS_TEMPERATURE_MIN;[C];N;NA|NA;NA|NA;NA|NA;NA|NA;NA|NA;NA;NA;NA|NA;NA|NA;NA|NA;NA|NA;NA|NA;NA|NA;NA|NA;NA|NA;NA;NA|NA;NA|NA;NA|NA;NA|NA;NA|NA;NA|NA;NA|NA;NA|NA;NA|NA;NA;NA;NA;NA|NA;NA|NA;NA;NA;NA|NA;NA|NA;NA|NA;NA;NA;NA;NA;NA;NA;NA;NA;NA;NA|NA;NA|NA;NA;NA;NA;NA;NA;NA;NA;NA;NA;NA;NA;NA;NA;NA;NA;NA;NA;NA;NA;NA;NA;NA;NA;NA;NA;NA;NA;NA;NA;NA;NA;NA;NA;NA|NA;NA;NA;NA;NA;NA;NA
SEMIS_JOURS_TEMP_MIN;[jour];N;NA|NA;NA|NA;NA|NA;NA|NA;NA|NA;NA;NA;NA|NA;NA|NA;NA|NA;NA|NA;NA|NA;NA|NA;NA|NA;NA|NA;NA;NA|NA;NA|NA;NA|NA;NA|NA;NA|NA;NA|NA;NA|NA;NA|NA;NA|NA;NA;NA;NA;NA|NA;NA|NA;NA;NA;NA|NA;NA|NA;NA|NA;NA;NA;NA;NA;NA;NA;NA;NA;NA;NA|NA;NA|NA;NA;NA;NA;NA;NA;NA;NA;NA;NA;NA;NA;NA;NA;NA;NA;NA;NA;NA;NA;NA;NA;NA;NA;NA;NA;NA;NA;NA;NA;NA;NA;NA;NA;NA|NA;NA;NA;NA;NA;NA;NA
SEMIS_TEMPERATURE_MAX;[C];N;NA|NA;NA|NA;NA|NA;NA|NA;NA|NA;NA;NA;NA|NA;NA|NA;NA|NA;NA|NA;NA|NA;NA|NA;NA|NA;NA|NA;NA;NA|NA;NA|NA;NA|NA;NA|NA;NA|NA;NA|NA;NA|NA;NA|NA;NA|NA;NA;NA;NA;NA|NA;NA|NA;NA;NA;NA|NA;NA|NA;NA|NA;NA;NA;NA;NA;NA;NA;NA;NA;NA;NA|NA;NA|NA;NA;NA;NA;NA;NA;NA;NA;NA;NA;NA;NA;NA;NA;NA;NA;NA;NA;NA;NA;NA;NA;NA;NA;NA;NA;NA;NA;NA;NA;NA;NA;NA;NA;NA|NA;NA;NA;NA;NA;NA;NA
SEMIS_JOURS_TEMP_MAX;[jour];N;NA|NA;NA|NA;NA|NA;NA|NA;NA|NA;NA;NA;NA|NA;NA|NA;NA|NA;NA|NA;NA|NA;NA|NA;NA|NA;NA|NA;NA;NA|NA;NA|NA;NA|NA;NA|NA;NA|NA;NA|NA;NA|NA;NA|NA;NA|NA;NA;NA;NA;NA|NA;NA|NA;NA;NA;NA|NA;NA|NA;NA|NA;NA;NA;NA;NA;NA;NA;NA;NA;NA;NA|NA;NA|NA;NA;NA;NA;NA;NA;NA;NA;NA;NA;NA;NA;NA;NA;NA;NA;NA;NA;NA;NA;NA;NA;NA;NA;NA;NA;NA;NA;NA;NA;NA;NA;NA;NA;NA|NA;NA;NA;NA;NA;NA;NA
SEMIS_TEMPERATURE_MAX_INF;[C];N;NA|NA;NA|NA;NA|NA;NA|NA;NA|NA;NA;NA;NA|NA;NA|NA;NA|NA;NA|NA;NA|NA;NA|NA;NA|NA;NA|NA;NA;NA|NA;NA|NA;NA|NA;NA|NA;NA|NA;NA|NA;NA|NA;NA|NA;NA|NA;NA;NA;NA;NA|NA;NA|NA;NA;NA;NA|NA;NA|NA;NA|NA;NA;NA;NA;NA;NA;NA;NA;NA;NA;NA|NA;NA|NA;NA;NA;NA;NA;NA;NA;NA;NA;NA;NA;NA;NA;NA;NA;NA;NA;NA;NA;NA;NA;NA;NA;NA;NA;NA;NA;NA;NA;NA;NA;NA;NA;NA;NA|NA;NA;NA;NA;NA;NA;NA
SEMIS_JOURS_TEMP_MAX_INF;[jour];N;NA|NA;NA|NA;NA|NA;NA|NA;NA|NA;NA;NA;NA|NA;NA|NA;NA|NA;NA|NA;NA|NA;NA|NA;NA|NA;NA|NA;NA;NA|NA;NA|NA;NA|NA;NA|NA;NA|NA;NA|NA;NA|NA;NA|NA;NA|NA;NA;NA;NA;NA|NA;NA|NA;NA;NA;NA|NA;NA|NA;NA|NA;NA;NA;NA;NA;NA;NA;NA;NA;NA;NA|NA;NA|NA;NA;NA;NA;NA;NA;NA;NA;NA;NA;NA;NA;NA;NA;NA;NA;NA;NA;NA;NA;NA;NA;NA;NA;NA;NA;NA;NA;NA;NA;NA;NA;NA;NA;NA|NA;NA;NA;NA;NA;NA;NA
IS_BINAGE;[NA];N;NA;NA;NA;NA;NA;NA;NA;NA;NA;NA;NA;NA;NA;NA;NA;NA;NA;NA;NA;NA;NA;NA;NA;NA;NA;O;NA;NA;O;O;NA;O;NA;NA;NA;NA;NA;NA;NA;NA;NA;NA;NA;NA;NA;NA;NA;NA;NA;NA;NA;NA;NA;NA;NA;NA;NA;NA;NA;NA;NA;NA;NA;NA;NA;NA;NA;NA;NA;NA;NA;NA;NA;NA;NA;NA;NA;NA;NA;NA;NA;NA;NA;NA;O;O
BINAGE_PASSAGES;[NA];NA;NA;NA;NA;NA;NA;NA;NA;NA;NA;NA;NA;NA;NA;NA;NA;NA;NA;NA;NA;NA;NA;NA;NA;NA;NA;1;NA;NA;1;1;NA;1;NA;NA;NA;NA;NA;NA;NA;NA;NA;NA;NA;NA;NA;NA;NA;NA;NA;NA;NA;NA;NA;NA;NA;NA;NA;NA;NA;NA;NA;NA;NA;NA;NA;NA;NA;NA;NA;NA;NA;NA;NA;NA;NA;NA;NA;NA;NA;NA;NA;NA;NA;NA;1;1
BINAGE_OUTIL;[nom];NA;NA;NA;NA;NA;NA;NA;NA;NA;NA;NA;NA;NA;NA;NA;NA;NA;NA;NA;NA;NA;NA;NA;NA;NA;NA;Bineuse;NA;NA;Bineuse;Bineuse;NA;Bineuse;NA;NA;NA;NA;NA;NA;NA;NA;NA;NA;NA;NA;NA;NA;NA;NA;NA;NA;NA;NA;NA;NA;NA;NA;NA;NA;NA;NA;NA;NA;NA;NA;NA;NA;NA;NA;NA;NA;NA;NA;NA;NA;NA;NA;NA;NA;NA;NA;NA;NA;NA;NA;Bineuse;Bineuse
BINAGE_AGRIW;[bool];NA;NA;NA;NA;NA;NA;NA;NA;NA;NA;NA;NA;NA;NA;NA;NA;NA;NA;NA;NA;NA;NA;NA;NA;NA;NA;oui;NA;NA;oui;oui;NA;oui;NA;NA;NA;NA;NA;NA;NA;NA;NA;NA;NA;NA;NA;NA;NA;NA;NA;NA;NA;NA;NA;NA;NA;NA;NA;NA;NA;NA;NA;NA;NA;NA;NA;NA;NA;NA;NA;NA;NA;NA;NA;NA;NA;NA;NA;NA;NA;NA;NA;NA;NA;NA;oui;oui
BINAGE_TEMPS;[Ha/h];NA;NA;NA;NA;NA;NA;NA;NA;NA;NA;NA;NA;NA;NA;NA;NA;NA;NA;NA;NA;NA;NA;NA;NA;NA;NA;5.5;NA;NA;5.5;5.5;NA;5.5;NA;NA;NA;NA;NA;NA;NA;NA;NA;NA;NA;NA;NA;NA;NA;NA;NA;NA;NA;NA;NA;NA;NA;NA;NA;NA;NA;NA;NA;NA;NA;NA;NA;NA;NA;NA;NA;NA;NA;NA;NA;NA;NA;NA;NA;NA;NA;NA;NA;NA;NA;NA;5.5;5.5
BINAGE_NB_SOUS_PERIODES;[NA];NA;NA;NA;NA;NA;NA;NA;NA;NA;NA;NA;NA;NA;NA;NA;NA;NA;NA;NA;NA;NA;NA;NA;NA;NA;NA;1;NA;NA;1;1;NA;1;NA;NA;NA;NA;NA;NA;NA;NA;NA;NA;NA;NA;NA;NA;NA;NA;NA;NA;NA;NA;NA;NA;NA;NA;NA;NA;NA;NA;NA;NA;NA;NA;NA;NA;NA;NA;NA;NA;NA;NA;NA;NA;NA;NA;NA;NA;NA;NA;NA;NA;NA;NA;1;1
BINAGE_DEBUT;[jour];NA;NA;NA;NA;NA;NA;NA;NA;NA;NA;NA;NA;NA;NA;NA;NA;NA;NA;NA;NA;NA;NA;NA;NA;NA;NA;69;NA;NA;69;69;NA;60;NA;NA;NA;NA;NA;NA;NA;NA;NA;NA;NA;NA;NA;NA;NA;NA;NA;NA;NA;NA;NA;NA;NA;NA;NA;NA;NA;NA;NA;NA;NA;NA;NA;NA;NA;NA;NA;NA;NA;NA;NA;NA;NA;NA;NA;NA;NA;NA;NA;NA;NA;NA;69;60
BINAGE_FIN;[jour];NA;NA;NA;NA;NA;NA;NA;NA;NA;NA;NA;NA;NA;NA;NA;NA;NA;NA;NA;NA;NA;NA;NA;NA;NA;NA;95;NA;NA;90;90;NA;95;NA;NA;NA;NA;NA;NA;NA;NA;NA;NA;NA;NA;NA;NA;NA;NA;NA;NA;NA;NA;NA;NA;NA;NA;NA;NA;NA;NA;NA;NA;NA;NA;NA;NA;NA;NA;NA;NA;NA;NA;NA;NA;NA;NA;NA;NA;NA;NA;NA;NA;NA;NA;95;95
BINAGE_ECHV_MIN;[%];NA;NA;NA;NA;NA;NA;NA;NA;NA;NA;NA;NA;NA;NA;NA;NA;NA;NA;NA;NA;NA;NA;NA;NA;NA;NA;NA;NA;NA;NA;NA;NA;NA;NA;NA;NA;NA;NA;NA;NA;NA;NA;NA;NA;NA;NA;NA;NA;NA;NA;NA;NA;NA;NA;NA;NA;NA;NA;NA;NA;NA;NA;NA;NA;NA;NA;NA;NA;NA;NA;NA;NA;NA;NA;NA;NA;NA;NA;NA;NA;NA;NA;NA;NA;NA;NA;NA
BINAGE_HUMIDITE_SOL_MAX;[%];NA;NA;NA;NA;NA;NA;NA;NA;NA;NA;NA;NA;NA;NA;NA;NA;NA;NA;NA;NA;NA;NA;NA;NA;NA;NA;0.9;NA;NA;NA;NA;NA;0.9;NA;NA;NA;NA;NA;NA;NA;NA;NA;NA;NA;NA;NA;NA;NA;NA;NA;NA;NA;NA;NA;NA;NA;NA;NA;NA;NA;NA;NA;NA;NA;NA;NA;NA;NA;NA;NA;NA;NA;NA;NA;NA;NA;NA;NA;NA;NA;NA;NA;NA;NA;NA;0.9;0.9
BINAGE_EFFET_RUs;[NA];NA;NA;NA;NA;NA;NA;NA;NA;NA;NA;NA;NA;NA;NA;NA;NA;NA;NA;NA;NA;NA;NA;NA;NA;NA;NA;6;NA;NA;6;6;NA;6;NA;NA;NA;NA;NA;NA;NA;NA;NA;NA;NA;NA;NA;NA;NA;NA;NA;NA;NA;NA;NA;NA;NA;NA;NA;NA;NA;NA;NA;NA;NA;NA;NA;NA;NA;NA;NA;NA;NA;NA;NA;NA;NA;NA;NA;NA;NA;NA;NA;NA;NA;NA;6;6
BINAGE_TEMPERATURE_MIN;[C];N;NA;NA;NA;NA;NA;NA;NA;NA;NA;NA;NA;NA;NA;NA;NA;NA;NA;NA;NA;NA;NA;NA;NA;NA;NA;NA;NA;NA;NA;NA;NA;NA;NA;NA;NA;NA;NA;NA;NA;NA;NA;NA;NA;NA;NA;NA;NA;NA;NA;NA;NA;NA;NA;NA;NA;NA;NA;NA;NA;NA;NA;NA;NA;NA;NA;NA;NA;NA;NA;NA;NA;NA;NA;NA;NA;NA;NA;NA;NA;NA;NA;NA;NA;NA;NA;NA
BINAGE_JOURS_TEMP_MIN;[jour];N;NA;NA;NA;NA;NA;NA;NA;NA;NA;NA;NA;NA;NA;NA;NA;NA;NA;NA;NA;NA;NA;NA;NA;NA;NA;NA;NA;NA;NA;NA;NA;NA;NA;NA;NA;NA;NA;NA;NA;NA;NA;NA;NA;NA;NA;NA;NA;NA;NA;NA;NA;NA;NA;NA;NA;NA;NA;NA;NA;NA;NA;NA;NA;NA;NA;NA;NA;NA;NA;NA;NA;NA;NA;NA;NA;NA;NA;NA;NA;NA;NA;NA;NA;NA;NA;NA
BINAGE_TEMPERATURE_MAX;[C];N;NA;NA;NA;NA;NA;NA;NA;NA;NA;NA;NA;NA;NA;NA;NA;NA;NA;NA;NA;NA;NA;NA;NA;NA;NA;NA;NA;NA;NA;NA;NA;NA;NA;NA;NA;NA;NA;NA;NA;NA;NA;NA;NA;NA;NA;NA;NA;NA;NA;NA;NA;NA;NA;NA;NA;NA;NA;NA;NA;NA;NA;NA;NA;NA;NA;NA;NA;NA;NA;NA;NA;NA;NA;NA;NA;NA;NA;NA;NA;NA;NA;NA;NA;NA;NA;NA
BINAGE_JOURS_TEMP_MAX;[jour];N;NA;NA;NA;NA;NA;NA;NA;NA;NA;NA;NA;NA;NA;NA;NA;NA;NA;NA;NA;NA;NA;NA;NA;NA;NA;NA;NA;NA;NA;NA;NA;NA;NA;NA;NA;NA;NA;NA;NA;NA;NA;NA;NA;NA;NA;NA;NA;NA;NA;NA;NA;NA;NA;NA;NA;NA;NA;NA;NA;NA;NA;NA;NA;NA;NA;NA;NA;NA;NA;NA;NA;NA;NA;NA;NA;NA;NA;NA;NA;NA;NA;NA;NA;NA;NA;NA
BINAGE_TEMPERATURE_MAX_INF;[C];N;NA;NA;NA;NA;NA;NA;NA;NA;NA;NA;NA;NA;NA;NA;NA;NA;NA;NA;NA;NA;NA;NA;NA;NA;NA;NA;NA;NA;NA;NA;NA;NA;NA;NA;NA;NA;NA;NA;NA;NA;NA;NA;NA;NA;NA;NA;NA;NA;NA;NA;NA;NA;NA;NA;NA;NA;NA;NA;NA;NA;NA;NA;NA;NA;NA;NA;NA;NA;NA;NA;NA;NA;NA;NA;NA;NA;NA;NA;NA;NA;NA;NA;NA;NA;NA;NA
BINAGE_JOURS_TEMP_MAX_INF;[jour];N;NA;NA;NA;NA;NA;NA;NA;NA;NA;NA;NA;NA;NA;NA;NA;NA;NA;NA;NA;NA;NA;NA;NA;NA;NA;NA;NA;NA;NA;NA;NA;NA;NA;NA;NA;NA;NA;NA;NA;NA;NA;NA;NA;NA;NA;NA;NA;NA;NA;NA;NA;NA;NA;NA;NA;NA;NA;NA;NA;NA;NA;NA;NA;NA;NA;NA;NA;NA;NA;NA;NA;NA;NA;NA;NA;NA;NA;NA;NA;NA;NA;NA;NA;NA;NA;NA
IS_RECOLTE;[NA];O;O;O;O;O;O;O;O;O;O;O;O;O;O;O;O;O;O;O;O;O;O;O;O;O;O;O;O;O;O;O;O;O;O;O;O;O;O;O;O;O;O;O;O;O;O;O;O;O;O;O;O;O;O;O;O;O;O;O;O;O;O;O;O;O;O;O;O;O;O;O;O;O;O;O;O;O;O;O;O;O;O;O;O;O;O;O
RECOLTE_PASSAGES;[NA];NA;1;1;1;1;1;1;1;1;1;1;1;1;1;1;1;1;1;1;1;1;1;1;1;1;1;1;1;1;1;1;1;1;1;1;1;1;1;1;1;1;1;1;1;1;1;1;1;1;1;1;1;1;1;1;1;1;1;1;1;1;1;1;1;1;1;1;1;1;1;1;1;1;1;1;1;1;1;1;1;1;1;1;1;1;1;1
RECOLTE_OUTIL;[nom];NA;Moissonneuse-batteuse;Moissonneuse-batteuse;Moissonneuse-batteuse;Moissonneuse-batteuse;Moissonneuse-batteuse;Moissonneuse-batteuse;Moissonneuse-batteuse;Moissonneuse-batteuse;Moissonneuse-batteuse;Moissonneuse-batteuse;Moissonneuse-batteuse;Broyeur-recolte;Moissonneuse-batteuse;Broyeur-recolte;Moissonneuse-batteuse;Moissonneuse-batteuse;Moissonneuse-batteuse;Broyeur-recolte;Moissonneuse-batteuse;Moissonneuse-batteuse;Moissonneuse-batteuse;Moissonneuse-batteuse;Moissonneuse-batteuse;Moissonneuse-batteuse;Moissonneuse-batteuse;Moissonneuse-batteuse;Moissonneuse-batteuse;Moissonneuse-batteuse;Moissonneuse-batteuse;Moissonneuse-batteuse;Moissonneuse-batteuse;Moissonneuse-batteuse;Ensileuse;Ensileuse;Ensileuse;Moissonneuse-batteuse;Moissonneuse-batteuse;Moissonneuse-batteuse;Moissonneuse-batteuse;Moissonneuse-batteuse;Moissonneuse-batteuse;Moissonneuse-batteuse;Moissonneuse-batteuse;Moissonneuse-batteuse;Moissonneuse-batteuse;Moissonneuse-batteuse;Ensileuse;Ensileuse;Moissonneuse-batteuse;Ensileuse;Broyeur-recolte;Broyeur-recolte;Broyeur-recolte;Broyeur-recolte;Broyeur-recolte;Broyeur-recolte;Broyeur-recolte;Broyeur-recolte;Broyeur-recolte;Broyeur-recolte;Broyeur-recolte;Broyeur-recolte;Broyeur-recolte;Broyeur-recolte;Broyeur-recolte;Broyeur-recolte;Broyeur-recolte;Broyeur-recolte;Broyeur-recolte;Broyeur-recolte;Broyeur-recolte;Broyeur-recolte;Broyeur-recolte;Broyeur-recolte;Broyeur-recolte;Broyeur-recolte;Moissonneuse-batteuse;Broyeur-recolte;Ensileuse;Ensileuse;Moissonneuse-batteuse;Ensileuse;Moissonneuse-batteuse;Moissonneuse-batteuse;Moissonneuse-batteuse;Moissonneuse-batteuse
RECOLTE_AGRIW;[bool];NA;oui;oui;oui;oui;oui;oui;oui;oui;oui;oui;oui;oui;oui;oui;oui;oui;oui;oui;oui;oui;oui;oui;oui;oui;oui;oui;oui;oui;oui;oui;oui;oui;oui;oui;oui;oui;oui;oui;oui;oui;oui;oui;oui;oui;oui;oui;oui;oui;oui;oui;oui;oui;oui;oui;oui;oui;oui;oui;oui;oui;oui;oui;oui;oui;oui;oui;oui;oui;oui;oui;oui;oui;oui;oui;oui;oui;oui;oui;oui;oui;oui;non;oui;oui;oui;oui
RECOLTE_TEMPS;[Ha/h];1000;1.8;1.8;1.8;1.8;1.8;1.8;1.8;1.8;1.8;1.8;1.8;1.5;1.8;1.5;1.8;1.8;1.8;1.5;1.8;1.8;1.8;1.8;1.8;1.8;1.8;1.8;1.8;1.8;1.8;1.8;1.8;1.8;2;2;2;1.8;1.8;1.8;1.8;1.8;1.8;1.8;1.8;1.8;1.8;1.8;2;2;1.8;2;1.5;1.5;1.5;1.5;1.5;1.5;1.5;1.5;1.5;1.5;1.5;1.5;1.5;1.5;1.5;1.5;1.5;1.5;1.5;1.5;1.5;1.5;1.5;1.5;1.5;1.5;1.3;1.5;2;2;1.8;2;1.8;1.8;1.8;1.8
RECOLTE_TEMPS_INTERNE;NA;N;NA;NA;NA;NA;NA;NA;NA;NA;NA;NA;NA;NA;NA;NA;NA;NA;NA;NA;NA;NA;NA;NA;NA;NA;NA;NA;NA;NA;NA;NA;NA;NA;NA;NA;NA;NA;NA;NA;NA;NA;NA;NA;NA;NA;NA;NA;NA;NA;NA;NA;NA;NA;NA;NA;NA;NA;NA;NA;NA;NA;NA;NA;NA;NA;NA;NA;NA;NA;NA;NA;NA;NA;NA;NA;NA;NA;NA;NA;NA;NA;NA;NA;NA;NA;NA;NA
RECOLTE_NB_SOUS_PERIODES;[NA];1;2;2;1;1;1;1;1;2;2;2;2;2;2;2;2;1;2;2;1;1;1;1;2;2;2;1;1;1;1;1;1;1;2;2;1;1;1;1;1;1;1;1;1;1;1;1;1;1;1;1;1;1;1;1;1;1;1;1;1;1;1;1;1;1;1;1;1;1;1;1;1;1;1;1;1;1;2;1;1;2;2;1;1;1;1;1
RECOLTE_DEBUT;[jour];1;188|219;188|219;191;191;191;171;171;161|192;170|196;161|192;170|196;320|340;170|196;320|340;188|219;171;161|192;324|356;191;191;191;191;171|191;188|219;171|191;195;191;191;191;191;191;201;242|274;242|274;232;263;263;263;171;171;171;192;197;201;182;182;125;125;191;125;247;247;247;45;45;45;45;45;45;45;45;45;45;85;85;85;85;85;85;85;85;85;85;85;45;85;245|275;45;125;242|274;188;1;191;191;195;201
RECOLTE_FIN;[jour];366;218|229;218|229;212;212;212;222;222;191|201;195|205;191|201;195|205;340|350;195|205;340|350;218|229;201;191|201;355|365;212;212;212;212;191|201;218|229;191|201;230;222;212;212;212;227;230;273|283;273|283;272;274;274;274;201;222;222;212;219;210;201;201;130;130;212;130;252;252;252;50;50;50;50;50;50;50;50;50;50;90;90;90;90;90;90;90;90;90;90;90;50;90;274|284;50;130;273|283;190;366;212;212;230;230
RECOLTE_ECHV_MIN;[mm];NA;NA|NA;NA|NA;NA;NA;NA;NA;NA;NA|NA;NA|NA;NA|NA;NA|NA;NA|NA;NA|NA;NA|NA;NA|NA;NA;NA|NA;NA|NA;NA;NA;NA;NA;NA|NA;NA|NA;NA|NA;NA;NA;NA;NA;NA;NA;NA;NA|NA;NA|NA;NA;NA;NA;NA;NA;NA;NA;NA;NA;NA;NA;NA;NA;NA;NA;NA;NA;NA;NA;NA;NA;NA;NA;NA;NA;NA;NA;NA;NA;NA;NA;NA;NA;NA;NA;NA;NA;NA;NA;NA;NA;NA;4|1;NA;NA;NA|NA;NA;NA;NA;NA;NA;NA
RECOLTE_JOURS_PLUIE;[jour];NA;3|2;3|2;1;1;1;2;2;3|2;3|2;3|2;3|2;4|3;3|2;4|3;3|2;2;3|2;3|2;1;1;1;1;3|3;3|2;3|3;1;2;2;1;1;1;1;3|2;3|2;3;2;2;2;2;2;2;1;1;1;1;1;2;2;2;2;NA;NA;NA;NA;NA;NA;NA;NA;NA;NA;NA;NA;NA;NA;NA;NA;NA;NA;NA;NA;NA;NA;NA;NA;NA;NA;NA|NA;NA;2;3|2;NA;NA;2;2;1;1
RECOLTE_HAUTEURS_PLUIE_MAX;[mm];NA;0|0;0|0;0;0;0;2;2;0|0;0|0;0|0;0|0;0|0;0|0;0|0;0|0;2;0|0;0|0;0;1;0;1;0|0;0|0;0|0;2;2;2;0;0;2;2;0|0;0|0;0;2;2;2;2;2;2;2;2;2;0;0;1;1;2;1;NA;NA;NA;NA;NA;NA;NA;NA;NA;NA;NA;NA;NA;NA;NA;NA;NA;NA;NA;NA;NA;NA;NA;NA;NA;NA;NA|NA;NA;1;0|0;NA;NA;2;2;2;2
RECOLTE_HUMIDITE_SOL_MAX;[%];NA;0.9|0.9;0.9|0.9;NA;NA;NA;NA;NA;0.9|0.9;0.9|0.9;0.9|0.9;0.9|0.9;NA|NA;0.9|0.9;NA|NA;0.9|0.9;NA;0.9|0.9;NA|NA;NA;0.9;NA;0.9;0.7|0.9;0.9|0.9;0.7|0.9;NA;NA;NA;NA;NA;NA;NA;0.9|0.9;0.9|0.9;0.9;NA;NA;NA;NA;0.95;NA;NA;NA;NA;NA;NA;NA;NA;NA;NA;NA;NA;NA;NA;NA;NA;NA;NA;NA;NA;NA;NA;NA;NA;NA;NA;NA;NA;NA;NA;NA;NA;NA;NA;NA;NA;NA|NA;NA;NA;0.9|0.9;NA;NA;NA;NA;NA;NA
RECOLTE_EFFET_RUs;[?];NA;0|0;0|0;0;0;0;0;0;0|0;0|0;0|0;0|0;0|0;0|0;0|0;0|0;0;0|0;0|0;0;0;0;0;0|0;0|0;0|0;0;0;0;0;0;0;0;0|0;0|0;0;0;0;0;0;0;0;0;0;0;0;0;0;0;0;0;0;0;0;0;0;0;0;0;0;0;0;0;0;0;0;0;0;0;0;0;0;0;0;0;0;0;0|0;0;0;0|0;0;0;0;0;0;0
RECOLTE_OPERATEUR;[NA];NA;NA;NA;NA;NA;NA;NA;NA;NA;NA;NA;NA;NA;NA;NA;NA;NA;NA;NA;NA;NA;NA;NA;NA;NA;NA;NA;NA;NA;NA;NA;NA;NA;NA;NA;NA;NA;NA;NA;NA;NA;NA;NA;NA;NA;NA;NA;NA;NA;NA;NA;NA;NA;NA;NA;NA;NA;NA;NA;NA;NA;NA;NA;NA;NA;NA;NA;NA;NA;NA;NA;NA;NA;NA;NA;NA;NA;NA;NA;NA;NA;NA;NA;NA;NA;NA;NA
RECOLTE_TEMPERATURE_MIN;[C];N;NA|NA;NA|NA;NA;NA;NA;NA;NA;NA|NA;NA|NA;NA|NA;NA|NA;NA|NA;NA|NA;NA|NA;NA|NA;NA;NA|NA;NA|NA;NA;NA;NA;NA;NA|NA;NA|NA;NA|NA;NA;NA;NA;NA;NA;NA;NA;NA|NA;NA|NA;NA;NA;NA;NA;NA;NA;NA;NA;NA;NA;NA;NA;NA;NA;NA;NA;NA;NA;NA;NA;NA;NA;NA;NA;NA;NA;NA;NA;NA;NA;NA;NA;NA;NA;NA;NA;NA;NA;NA;NA;NA;NA;NA|NA;NA;NA;NA|NA;NA;NA;NA;NA;NA;NA
RECOLTE_JOURS_TEMP_MIN;[jour];N;NA|NA;NA|NA;NA;NA;NA;NA;NA;NA|NA;NA|NA;NA|NA;NA|NA;NA|NA;NA|NA;NA|NA;NA|NA;NA;NA|NA;NA|NA;NA;NA;NA;NA;NA|NA;NA|NA;NA|NA;NA;NA;NA;NA;NA;NA;NA;NA|NA;NA|NA;NA;NA;NA;NA;NA;NA;NA;NA;NA;NA;NA;NA;NA;NA;NA;NA;NA;NA;NA;NA;NA;NA;NA;NA;NA;NA;NA;NA;NA;NA;NA;NA;NA;NA;NA;NA;NA;NA;NA;NA;NA;NA;NA|NA;NA;NA;NA|NA;NA;NA;NA;NA;NA;NA
RECOLTE_TEMPERATURE_MAX;[C];N;NA|NA;NA|NA;NA;NA;NA;NA;NA;NA|NA;NA|NA;NA|NA;NA|NA;NA|NA;NA|NA;NA|NA;NA|NA;NA;NA|NA;NA|NA;NA;NA;NA;NA;NA|NA;NA|NA;NA|NA;NA;NA;NA;NA;NA;NA;NA;NA|NA;NA|NA;NA;NA;NA;NA;NA;NA;NA;NA;NA;NA;NA;NA;NA;NA;NA;NA;NA;NA;NA;NA;NA;NA;NA;NA;NA;NA;NA;NA;NA;NA;NA;NA;NA;NA;NA;NA;NA;NA;NA;NA;NA;NA;NA|NA;NA;NA;NA|NA;NA;NA;NA;NA;NA;NA
RECOLTE_JOURS_TEMP_MAX;[jour];N;NA|NA;NA|NA;NA;NA;NA;NA;NA;NA|NA;NA|NA;NA|NA;NA|NA;NA|NA;NA|NA;NA|NA;NA|NA;NA;NA|NA;NA|NA;NA;NA;NA;NA;NA|NA;NA|NA;NA|NA;NA;NA;NA;NA;NA;NA;NA;NA|NA;NA|NA;NA;NA;NA;NA;NA;NA;NA;NA;NA;NA;NA;NA;NA;NA;NA;NA;NA;NA;NA;NA;NA;NA;NA;NA;NA;NA;NA;NA;NA;NA;NA;NA;NA;NA;NA;NA;NA;NA;NA;NA;NA;NA;NA|NA;NA;NA;NA|NA;NA;NA;NA;NA;NA;NA
RECOLTE_TEMPERATURE_MAX_INF;[C];N;NA|NA;NA|NA;NA;NA;NA;NA;NA;NA|NA;NA|NA;NA|NA;NA|NA;NA|NA;NA|NA;NA|NA;NA|NA;NA;NA|NA;NA|NA;NA;NA;NA;NA;NA|NA;NA|NA;NA|NA;NA;NA;NA;NA;NA;NA;NA;NA|NA;NA|NA;NA;NA;NA;NA;NA;NA;NA;NA;NA;NA;NA;NA;NA;NA;NA;NA;NA;NA;NA;NA;NA;NA;NA;NA;NA;NA;NA;NA;NA;NA;NA;NA;NA;NA;NA;NA;NA;NA;NA;NA;NA;NA;NA|NA;NA;NA;NA|NA;NA;NA;NA;NA;NA;NA
RECOLTE_JOURS_TEMP_MAX_INF;[jour];N;NA|NA;NA|NA;NA;NA;NA;NA;NA;NA|NA;NA|NA;NA|NA;NA|NA;NA|NA;NA|NA;NA|NA;NA|NA;NA;NA|NA;NA|NA;NA;NA;NA;NA;NA|NA;NA|NA;NA|NA;NA;NA;NA;NA;NA;NA;NA;NA|NA;NA|NA;NA;NA;NA;NA;NA;NA;NA;NA;NA;NA;NA;NA;NA;NA;NA;NA;NA;NA;NA;NA;NA;NA;NA;NA;NA;NA;NA;NA;NA;NA;NA;NA;NA;NA;NA;NA;NA;NA;NA;NA;NA;NA;NA|NA;NA;NA;NA|NA;NA;NA;NA;NA;NA;NA
IS_IRRIGATION;[NA];N;NA;NA;NA;NA;NA;NA;NA;NA;NA;NA;NA;NA;NA;NA;NA;NA;NA;NA;NA;NA;NA;NA;NA;NA;NA;NA;NA;NA;NA;NA;NA;NA;NA;NA;NA;NA;NA;NA;NA;NA;NA;NA;NA;NA;NA;NA;NA;NA;NA;NA;NA;NA;NA;NA;NA;NA;NA;NA;NA;NA;NA;NA;NA;NA;NA;NA;NA;NA;NA;NA;NA;NA;NA;NA;NA;NA;NA;NA;NA;NA;NA;NA;NA;NA;NA;NA
IRRIGATION_PASSAGES;[NA];NA;NA;NA;NA;NA;NA;NA;NA;NA;NA;NA;NA;NA;NA;NA;NA;NA;NA;NA;NA;NA;NA;NA;NA;NA;NA;NA;NA;NA;NA;NA;NA;NA;NA;NA;NA;NA;NA;NA;NA;NA;NA;NA;NA;NA;NA;NA;NA;NA;NA;NA;NA;NA;NA;NA;NA;NA;NA;NA;NA;NA;NA;NA;NA;NA;NA;NA;NA;NA;NA;NA;NA;NA;NA;NA;NA;NA;NA;NA;NA;NA;NA;NA;NA;NA;NA;NA
IRRIGATION_OUTIL;[nom];NA;NA;NA;NA;NA;NA;NA;NA;NA;NA;NA;NA;NA;NA;NA;NA;NA;NA;NA;NA;NA;NA;NA;NA;NA;NA;NA;NA;NA;NA;NA;NA;NA;NA;NA;NA;NA;NA;NA;NA;NA;NA;NA;NA;NA;NA;NA;NA;NA;NA;NA;NA;NA;NA;NA;NA;NA;NA;NA;NA;NA;NA;NA;NA;NA;NA;NA;NA;NA;NA;NA;NA;NA;NA;NA;NA;NA;NA;NA;NA;NA;NA;NA;NA;NA;NA;NA
IRRIGATION_AGRIW;[bool];NA;NA;NA;NA;NA;NA;NA;NA;NA;NA;NA;NA;NA;NA;NA;NA;NA;NA;NA;NA;NA;NA;NA;NA;NA;NA;NA;NA;NA;NA;NA;NA;NA;NA;NA;NA;NA;NA;NA;NA;NA;NA;NA;NA;NA;NA;NA;NA;NA;NA;NA;NA;NA;NA;NA;NA;NA;NA;NA;NA;NA;NA;NA;NA;NA;NA;NA;NA;NA;NA;NA;NA;NA;NA;NA;NA;NA;NA;NA;NA;NA;NA;NA;NA;NA;NA;NA
IRRIGATION_TD;[jours];NA;NA;NA;NA;NA;NA;NA;NA;NA;NA;NA;NA;NA;NA;NA;NA;NA;NA;NA;NA;NA;NA;NA;NA;NA;NA;NA;NA;NA;NA;NA;NA;NA;NA;NA;NA;NA;NA;NA;NA;NA;NA;NA;NA;NA;NA;NA;NA;NA;NA;NA;NA;NA;NA;NA;NA;NA;NA;NA;NA;NA;NA;NA;NA;NA;NA;NA;NA;NA;NA;NA;NA;NA;NA;NA;NA;NA;NA;NA;NA;NA;NA;NA;NA;NA;NA;NA
IRRIGATION_DOSE;[mm];NA;NA;NA;NA;NA;NA;NA;NA;NA;NA;NA;NA;NA;NA;NA;NA;NA;NA;NA;NA;NA;NA;NA;NA;NA;NA;NA;NA;NA;NA;NA;NA;NA;NA;NA;NA;NA;NA;NA;NA;NA;NA;NA;NA;NA;NA;NA;NA;NA;NA;NA;NA;NA;NA;NA;NA;NA;NA;NA;NA;NA;NA;NA;NA;NA;NA;NA;NA;NA;NA;NA;NA;NA;NA;NA;NA;NA;NA;NA;NA;NA;NA;NA;NA;NA;NA;NA
IRRIGATION_NB_SOUS_PERIODES;[NA];NA;NA;NA;NA;NA;NA;NA;NA;NA;NA;NA;NA;NA;NA;NA;NA;NA;NA;NA;NA;NA;NA;NA;NA;NA;NA;NA;NA;NA;NA;NA;NA;NA;NA;NA;NA;NA;NA;NA;NA;NA;NA;NA;NA;NA;NA;NA;NA;NA;NA;NA;NA;NA;NA;NA;NA;NA;NA;NA;NA;NA;NA;NA;NA;NA;NA;NA;NA;NA;NA;NA;NA;NA;NA;NA;NA;NA;NA;NA;NA;NA;NA;NA;NA;NA;NA;NA
IRRIGATION_DEBUT;[jour];NA;NA;NA;NA;NA;NA;NA;NA;NA;NA;NA;NA;NA;NA;NA;NA;NA;NA;NA;NA;NA;NA;NA;NA;NA;NA;NA;NA;NA;NA;NA;NA;NA;NA;NA;NA;NA;NA;NA;NA;NA;NA;NA;NA;NA;NA;NA;NA;NA;NA;NA;NA;NA;NA;NA;NA;NA;NA;NA;NA;NA;NA;NA;NA;NA;NA;NA;NA;NA;NA;NA;NA;NA;NA;NA;NA;NA;NA;NA;NA;NA;NA;NA;NA;NA;NA;NA
IRRIGATION_FIN;[jour];NA;NA;NA;NA;NA;NA;NA;NA;NA;NA;NA;NA;NA;NA;NA;NA;NA;NA;NA;NA;NA;NA;NA;NA;NA;NA;NA;NA;NA;NA;NA;NA;NA;NA;NA;NA;NA;NA;NA;NA;NA;NA;NA;NA;NA;NA;NA;NA;NA;NA;NA;NA;NA;NA;NA;NA;NA;NA;NA;NA;NA;NA;NA;NA;NA;NA;NA;NA;NA;NA;NA;NA;NA;NA;NA;NA;NA;NA;NA;NA;NA;NA;NA;NA;NA;NA;NA
IRRIGATION_ECHV_DEBUT;[echV];NA;NA;NA;NA;NA;NA;NA;NA;NA;NA;NA;NA;NA;NA;NA;NA;NA;NA;NA;NA;NA;NA;NA;NA;NA;NA;NA;NA;NA;NA;NA;NA;NA;NA;NA;NA;NA;NA;NA;NA;NA;NA;NA;NA;NA;NA;NA;NA;NA;NA;NA;NA;NA;NA;NA;NA;NA;NA;NA;NA;NA;NA;NA;NA;NA;NA;NA;NA;NA;NA;NA;NA;NA;NA;NA;NA;NA;NA;NA;NA;NA;NA;NA;NA;NA;NA;NA
IRRIGATION_ECHV_FIN;[echV];NA;NA;NA;NA;NA;NA;NA;NA;NA;NA;NA;NA;NA;NA;NA;NA;NA;NA;NA;NA;NA;NA;NA;NA;NA;NA;NA;NA;NA;NA;NA;NA;NA;NA;NA;NA;NA;NA;NA;NA;NA;NA;NA;NA;NA;NA;NA;NA;NA;NA;NA;NA;NA;NA;NA;NA;NA;NA;NA;NA;NA;NA;NA;NA;NA;NA;NA;NA;NA;NA;NA;NA;NA;NA;NA;NA;NA;NA;NA;NA;NA;NA;NA;NA;NA;NA;NA
IRRIGATION_JOURS_PLUIE_CUMUL;[jour];NA;NA;NA;NA;NA;NA;NA;NA;NA;NA;NA;NA;NA;NA;NA;NA;NA;NA;NA;NA;NA;NA;NA;NA;NA;NA;NA;NA;NA;NA;NA;NA;NA;NA;NA;NA;NA;NA;NA;NA;NA;NA;NA;NA;NA;NA;NA;NA;NA;NA;NA;NA;NA;NA;NA;NA;NA;NA;NA;NA;NA;NA;NA;NA;NA;NA;NA;NA;NA;NA;NA;NA;NA;NA;NA;NA;NA;NA;NA;NA;NA;NA;NA;NA;NA;NA;NA
IRRIGATION_HAUTEUR_PLUIE_CUMUL_ANNULATION;[mm];NA;NA;NA;NA;NA;NA;NA;NA;NA;NA;NA;NA;NA;NA;NA;NA;NA;NA;NA;NA;NA;NA;NA;NA;NA;NA;NA;NA;NA;NA;NA;NA;NA;NA;NA;NA;NA;NA;NA;NA;NA;NA;NA;NA;NA;NA;NA;NA;NA;NA;NA;NA;NA;NA;NA;NA;NA;NA;NA;NA;NA;NA;NA;NA;NA;NA;NA;NA;NA;NA;NA;NA;NA;NA;NA;NA;NA;NA;NA;NA;NA;NA;NA;NA;NA;NA;NA
IRRIGATION_JOURS_PLUIE_SIGNIF;[jour];NA;NA;NA;NA;NA;NA;NA;NA;NA;NA;NA;NA;NA;NA;NA;NA;NA;NA;NA;NA;NA;NA;NA;NA;NA;NA;NA;NA;NA;NA;NA;NA;NA;NA;NA;NA;NA;NA;NA;NA;NA;NA;NA;NA;NA;NA;NA;NA;NA;NA;NA;NA;NA;NA;NA;NA;NA;NA;NA;NA;NA;NA;NA;NA;NA;NA;NA;NA;NA;NA;NA;NA;NA;NA;NA;NA;NA;NA;NA;NA;NA;NA;NA;NA;NA;NA;NA
IRRIGATION_HAUTEUR_PLUIE_SIGNIF_REPORT;[mm];NA;NA;NA;NA;NA;NA;NA;NA;NA;NA;NA;NA;NA;NA;NA;NA;NA;NA;NA;NA;NA;NA;NA;NA;NA;NA;NA;NA;NA;NA;NA;NA;NA;NA;NA;NA;NA;NA;NA;NA;NA;NA;NA;NA;NA;NA;NA;NA;NA;NA;NA;NA;NA;NA;NA;NA;NA;NA;NA;NA;NA;NA;NA;NA;NA;NA;NA;NA;NA;NA;NA;NA;NA;NA;NA;NA;NA;NA;NA;NA;NA;NA;NA;NA;NA;NA;NA
IRRIGATION_JOURS_PLUIE_PREVUES;[jour];NA;NA;NA;NA;NA;NA;NA;NA;NA;NA;NA;NA;NA;NA;NA;NA;NA;NA;NA;NA;NA;NA;NA;NA;NA;NA;NA;NA;NA;NA;NA;NA;NA;NA;NA;NA;NA;NA;NA;NA;NA;NA;NA;NA;NA;NA;NA;NA;NA;NA;NA;NA;NA;NA;NA;NA;NA;NA;NA;NA;NA;NA;NA;NA;NA;NA;NA;NA;NA;NA;NA;NA;NA;NA;NA;NA;NA;NA;NA;NA;NA;NA;NA;NA;NA;NA;NA
IRRIGATION_HAUTEURS_PLUIE_PREVUES_MIN;[mm];NA;NA;NA;NA;NA;NA;NA;NA;NA;NA;NA;NA;NA;NA;NA;NA;NA;NA;NA;NA;NA;NA;NA;NA;NA;NA;NA;NA;NA;NA;NA;NA;NA;NA;NA;NA;NA;NA;NA;NA;NA;NA;NA;NA;NA;NA;NA;NA;NA;NA;NA;NA;NA;NA;NA;NA;NA;NA;NA;NA;NA;NA;NA;NA;NA;NA;NA;NA;NA;NA;NA;NA;NA;NA;NA;NA;NA;NA;NA;NA;NA;NA;NA;NA;NA;NA;NA
IRRIGATION_JOURS_P-ETP;[jour];NA;NA;NA;NA;NA;NA;NA;NA;NA;NA;NA;NA;NA;NA;NA;NA;NA;NA;NA;NA;NA;NA;NA;NA;NA;NA;NA;NA;NA;NA;NA;NA;NA;NA;NA;NA;NA;NA;NA;NA;NA;NA;NA;NA;NA;NA;NA;NA;NA;NA;NA;NA;NA;NA;NA;NA;NA;NA;NA;NA;NA;NA;NA;NA;NA;NA;NA;NA;NA;NA;NA;NA;NA;NA;NA;NA;NA;NA;NA;NA;NA;NA;NA;NA;NA;NA;NA
IRRIGATION_P-ETP_MAX;[mm];NA;NA;NA;NA;NA;NA;NA;NA;NA;NA;NA;NA;NA;NA;NA;NA;NA;NA;NA;NA;NA;NA;NA;NA;NA;NA;NA;NA;NA;NA;NA;NA;NA;NA;NA;NA;NA;NA;NA;NA;NA;NA;NA;NA;NA;NA;NA;NA;NA;NA;NA;NA;NA;NA;NA;NA;NA;NA;NA;NA;NA;NA;NA;NA;NA;NA;NA;NA;NA;NA;NA;NA;NA;NA;NA;NA;NA;NA;NA;NA;NA;NA;NA;NA;NA;NA;NA
IRRIGATION_HUMIDITE_SOL_MAX;[%];NA;NA;NA;NA;NA;NA;NA;NA;NA;NA;NA;NA;NA;NA;NA;NA;NA;NA;NA;NA;NA;NA;NA;NA;NA;NA;NA;NA;NA;NA;NA;NA;NA;NA;NA;NA;NA;NA;NA;NA;NA;NA;NA;NA;NA;NA;NA;NA;NA;NA;NA;NA;NA;NA;NA;NA;NA;NA;NA;NA;NA;NA;NA;NA;NA;NA;NA;NA;NA;NA;NA;NA;NA;NA;NA;NA;NA;NA;NA;NA;NA;NA;NA;NA;NA;NA;NA
IRRIGATION_IS_THEORIQUE;[NA];NA;NA;NA;NA;NA;NA;NA;NA;NA;NA;NA;NA;NA;NA;NA;NA;NA;NA;NA;NA;NA;NA;NA;NA;NA;NA;NA;NA;NA;NA;NA;NA;NA;NA;NA;NA;NA;NA;NA;NA;NA;NA;NA;NA;NA;NA;NA;NA;NA;NA;NA;NA;NA;NA;NA;NA;NA;NA;NA;NA;NA;NA;NA;NA;NA;NA;NA;NA;NA;NA;NA;NA;NA;NA;NA;NA;NA;NA;NA;NA;NA;NA;NA;NA;NA;NA;NA
IRRIGATION_SIRR1;[?];NA;NA;NA;NA;NA;NA;NA;NA;NA;NA;NA;NA;NA;NA;NA;NA;NA;NA;NA;NA;NA;NA;NA;NA;NA;NA;NA;NA;NA;NA;NA;NA;NA;NA;NA;NA;NA;NA;NA;NA;NA;NA;NA;NA;NA;NA;NA;NA;NA;NA;NA;NA;NA;NA;NA;NA;NA;NA;NA;NA;NA;NA;NA;NA;NA;NA;NA;NA;NA;NA;NA;NA;NA;NA;NA;NA;NA;NA;NA;NA;NA;NA;NA;NA;NA;NA;NA
IRRIGATION_SIRR2;[?];NA;NA;NA;NA;NA;NA;NA;NA;NA;NA;NA;NA;NA;NA;NA;NA;NA;NA;NA;NA;NA;NA;NA;NA;NA;NA;NA;NA;NA;NA;NA;NA;NA;NA;NA;NA;NA;NA;NA;NA;NA;NA;NA;NA;NA;NA;NA;NA;NA;NA;NA;NA;NA;NA;NA;NA;NA;NA;NA;NA;NA;NA;NA;NA;NA;NA;NA;NA;NA;NA;NA;NA;NA;NA;NA;NA;NA;NA;NA;NA;NA;NA;NA;NA;NA;NA;NA
IRRIGATION_SIRR3;[?];NA;NA;NA;NA;NA;NA;NA;NA;NA;NA;NA;NA;NA;NA;NA;NA;NA;NA;NA;NA;NA;NA;NA;NA;NA;NA;NA;NA;NA;NA;NA;NA;NA;NA;NA;NA;NA;NA;NA;NA;NA;NA;NA;NA;NA;NA;NA;NA;NA;NA;NA;NA;NA;NA;NA;NA;NA;NA;NA;NA;NA;NA;NA;NA;NA;NA;NA;NA;NA;NA;NA;NA;NA;NA;NA;NA;NA;NA;NA;NA;NA;NA;NA;NA;NA;NA;NA
IRRIGATION_OPERATEUR;[NA];NA;NA;NA;NA;NA;NA;NA;NA;NA;NA;NA;NA;NA;NA;NA;NA;NA;NA;NA;NA;NA;NA;NA;NA;NA;NA;NA;NA;NA;NA;NA;NA;NA;NA;NA;NA;NA;NA;NA;NA;NA;NA;NA;NA;NA;NA;NA;NA;NA;NA;NA;NA;NA;NA;NA;NA;NA;NA;NA;NA;NA;NA;NA;NA;NA;NA;NA;NA;NA;NA;NA;NA;NA;NA;NA;NA;NA;NA;NA;NA;NA;NA;NA;NA;NA;NA;NA
IRRIGATION_REPORT_MAX;[jour];NA;NA;NA;NA;NA;NA;NA;NA;NA;NA;NA;NA;NA;NA;NA;NA;NA;NA;NA;NA;NA;NA;NA;NA;NA;NA;NA;NA;NA;NA;NA;NA;NA;NA;NA;NA;NA;NA;NA;NA;NA;NA;NA;NA;NA;NA;NA;NA;NA;NA;NA;NA;NA;NA;NA;NA;NA;NA;NA;NA;NA;NA;NA;NA;NA;NA;NA;NA;NA;NA;NA;NA;NA;NA;NA;NA;NA;NA;NA;NA;NA;NA;NA;NA;NA;NA;NA
IRRIGATION_GROUPE;[];NA;NA;NA;NA;NA;NA;NA;NA;NA;NA;NA;NA;NA;NA;NA;NA;NA;NA;NA;NA;NA;NA;NA;NA;NA;NA;NA;NA;NA;NA;NA;NA;NA;NA;NA;NA;NA;NA;NA;NA;NA;NA;NA;NA;NA;NA;NA;NA;NA;NA;NA;NA;NA;NA;NA;NA;NA;NA;NA;NA;NA;NA;NA;NA;NA;NA;NA;NA;NA;NA;NA;NA;NA;NA;NA;NA;NA;NA;NA;NA;NA;NA;NA;NA;NA;NA;NA
IRRIGATION_TEMPERATURE_MIN;[C];N;NA;NA;NA;NA;NA;NA;NA;NA;NA;NA;NA;NA;NA;NA;NA;NA;NA;NA;NA;NA;NA;NA;NA;NA;NA;NA;NA;NA;NA;NA;NA;NA;NA;NA;NA;NA;NA;NA;NA;NA;NA;NA;NA;NA;NA;NA;NA;NA;NA;NA;NA;NA;NA;NA;NA;NA;NA;NA;NA;NA;NA;NA;NA;NA;NA;NA;NA;NA;NA;NA;NA;NA;NA;NA;NA;NA;NA;NA;NA;NA;NA;NA;NA;NA;NA;NA
IRRIGATION_JOURS_TEMP_MIN;[jour];N;NA;NA;NA;NA;NA;NA;NA;NA;NA;NA;NA;NA;NA;NA;NA;NA;NA;NA;NA;NA;NA;NA;NA;NA;NA;NA;NA;NA;NA;NA;NA;NA;NA;NA;NA;NA;NA;NA;NA;NA;NA;NA;NA;NA;NA;NA;NA;NA;NA;NA;NA;NA;NA;NA;NA;NA;NA;NA;NA;NA;NA;NA;NA;NA;NA;NA;NA;NA;NA;NA;NA;NA;NA;NA;NA;NA;NA;NA;NA;NA;NA;NA;NA;NA;NA;NA
IRRIGATION_TEMPERATURE_MAX;[C];N;NA;NA;NA;NA;NA;NA;NA;NA;NA;NA;NA;NA;NA;NA;NA;NA;NA;NA;NA;NA;NA;NA;NA;NA;NA;NA;NA;NA;NA;NA;NA;NA;NA;NA;NA;NA;NA;NA;NA;NA;NA;NA;NA;NA;NA;NA;NA;NA;NA;NA;NA;NA;NA;NA;NA;NA;NA;NA;NA;NA;NA;NA;NA;NA;NA;NA;NA;NA;NA;NA;NA;NA;NA;NA;NA;NA;NA;NA;NA;NA;NA;NA;NA;NA;NA;NA
IRRIGATION_JOURS_TEMP_MAX;[jour];N;NA;NA;NA;NA;NA;NA;NA;NA;NA;NA;NA;NA;NA;NA;NA;NA;NA;NA;NA;NA;NA;NA;NA;NA;NA;NA;NA;NA;NA;NA;NA;NA;NA;NA;NA;NA;NA;NA;NA;NA;NA;NA;NA;NA;NA;NA;NA;NA;NA;NA;NA;NA;NA;NA;NA;NA;NA;NA;NA;NA;NA;NA;NA;NA;NA;NA;NA;NA;NA;NA;NA;NA;NA;NA;NA;NA;NA;NA;NA;NA;NA;NA;NA;NA;NA;NA
IRRIGATION_TEMPERATURE_MAX_INF;[C];N;NA;NA;NA;NA;NA;NA;NA;NA;NA;NA;NA;NA;NA;NA;NA;NA;NA;NA;NA;NA;NA;NA;NA;NA;NA;NA;NA;NA;NA;NA;NA;NA;NA;NA;NA;NA;NA;NA;NA;NA;NA;NA;NA;NA;NA;NA;NA;NA;NA;NA;NA;NA;NA;NA;NA;NA;NA;NA;NA;NA;NA;NA;NA;NA;NA;NA;NA;NA;NA;NA;NA;NA;NA;NA;NA;NA;NA;NA;NA;NA;NA;NA;NA;NA;NA;NA
IRRIGATION_JOURS_TEMP_MAX_INF;[jour];N;NA;NA;NA;NA;NA;NA;NA;NA;NA;NA;NA;NA;NA;NA;NA;NA;NA;NA;NA;NA;NA;NA;NA;NA;NA;NA;NA;NA;NA;NA;NA;NA;NA;NA;NA;NA;NA;NA;NA;NA;NA;NA;NA;NA;NA;NA;NA;NA;NA;NA;NA;NA;NA;NA;NA;NA;NA;NA;NA;NA;NA;NA;NA;NA;NA;NA;NA;NA;NA;NA;NA;NA;NA;NA;NA;NA;NA;NA;NA;NA;NA;NA;NA;NA;NA;NA
IS_FERTI;[?];;NA;NA;NA;NA;NA;NA;NA;NA;NA;NA;NA;NA;NA;NA;NA;NA;NA;NA;NA;NA;NA;NA;NA;NA;NA;NA;NA;NA;NA;NA;NA;NA;NA;NA;NA;NA;NA;NA;NA;NA;NA;NA;NA;NA;NA;NA;NA;NA;NA;NA;NA;NA;NA;NA;NA;NA;NA;NA;NA;NA;NA;NA;NA;NA;NA;NA;NA;NA;NA;NA;NA;NA;NA;NA;NA;NA;NA;NA;NA;NA;NA;NA;NA;NA;NA;NA
FERTI_PASSAGES;[NA];NA;NA;NA;NA;NA;NA;NA;NA;NA;NA;NA;NA;NA;NA;NA;NA;NA;NA;NA;NA;NA;NA;NA;NA;NA;NA;NA;NA;NA;NA;NA;NA;NA;NA;NA;NA;NA;NA;NA;NA;NA;NA;NA;NA;NA;NA;NA;NA;NA;NA;NA;NA;NA;NA;NA;NA;NA;NA;NA;NA;NA;NA;NA;NA;NA;NA;NA;NA;NA;NA;NA;NA;NA;NA;NA;NA;NA;NA;NA;NA;NA;NA;NA;NA;NA;NA;NA
FERTI_OUTIL;[nom];NA;NA;NA;NA;NA;NA;NA;NA;NA;NA;NA;NA;NA;NA;NA;NA;NA;NA;NA;NA;NA;NA;NA;NA;NA;NA;NA;NA;NA;NA;NA;NA;NA;NA;NA;NA;NA;NA;NA;NA;NA;NA;NA;NA;NA;NA;NA;NA;NA;NA;NA;NA;NA;NA;NA;NA;NA;NA;NA;NA;NA;NA;NA;NA;NA;NA;NA;NA;NA;NA;NA;NA;NA;NA;NA;NA;NA;NA;NA;NA;NA;NA;NA;NA;NA;NA;NA
FERTI_AGRIW;[bool];NA;NA;NA;NA;NA;NA;NA;NA;NA;NA;NA;NA;NA;NA;NA;NA;NA;NA;NA;NA;NA;NA;NA;NA;NA;NA;NA;NA;NA;NA;NA;NA;NA;NA;NA;NA;NA;NA;NA;NA;NA;NA;NA;NA;NA;NA;NA;NA;NA;NA;NA;NA;NA;NA;NA;NA;NA;NA;NA;NA;NA;NA;NA;NA;NA;NA;NA;NA;NA;NA;NA;NA;NA;NA;NA;NA;NA;NA;NA;NA;NA;NA;NA;NA;NA;NA;NA
FERTI_NB_SOUS_PERIODES;[?];;NA;NA;NA;NA;NA;NA;NA;NA;NA;NA;NA;NA;NA;NA;NA;NA;NA;NA;NA;NA;NA;NA;NA;NA;NA;NA;NA;NA;NA;NA;NA;NA;NA;NA;NA;NA;NA;NA;NA;NA;NA;NA;NA;NA;NA;NA;NA;NA;NA;NA;NA;NA;NA;NA;NA;NA;NA;NA;NA;NA;NA;NA;NA;NA;NA;NA;NA;NA;NA;NA;NA;NA;NA;NA;NA;NA;NA;NA;NA;NA;NA;NA;NA;NA;NA;NA
FERTI_TEMPS;[ha/h];;NA;NA;NA;NA;NA;NA;NA;NA;NA;NA;NA;NA;NA;NA;NA;NA;NA;NA;NA;NA;NA;NA;NA;NA;NA;NA;NA;NA;NA;NA;NA;NA;NA;NA;NA;NA;NA;NA;NA;NA;NA;NA;NA;NA;NA;NA;NA;NA;NA;NA;NA;NA;NA;NA;NA;NA;NA;NA;NA;NA;NA;NA;NA;NA;NA;NA;NA;NA;NA;NA;NA;NA;NA;NA;NA;NA;NA;NA;NA;NA;NA;NA;NA;NA;NA;NA
FERTI_DEBUT;[jour];;NA;NA;NA;NA;NA;NA;NA;NA;NA;NA;NA;NA;NA;NA;NA;NA;NA;NA;NA;NA;NA;NA;NA;NA;NA;NA;NA;NA;NA;NA;NA;NA;NA;NA;NA;NA;NA;NA;NA;NA;NA;NA;NA;NA;NA;NA;NA;NA;NA;NA;NA;NA;NA;NA;NA;NA;NA;NA;NA;NA;NA;NA;NA;NA;NA;NA;NA;NA;NA;NA;NA;NA;NA;NA;NA;NA;NA;NA;NA;NA;NA;NA;NA;NA;NA;NA
FERTI_FIN;[jour];;NA;NA;NA;NA;NA;NA;NA;NA;NA;NA;NA;NA;NA;NA;NA;NA;NA;NA;NA;NA;NA;NA;NA;NA;NA;NA;NA;NA;NA;NA;NA;NA;NA;NA;NA;NA;NA;NA;NA;NA;NA;NA;NA;NA;NA;NA;NA;NA;NA;NA;NA;NA;NA;NA;NA;NA;NA;NA;NA;NA;NA;NA;NA;NA;NA;NA;NA;NA;NA;NA;NA;NA;NA;NA;NA;NA;NA;NA;NA;NA;NA;NA;NA;NA;NA;NA
FERTI_DOSE/Ha;[kg/ha];;NA;NA;NA;NA;NA;NA;NA;NA;NA;NA;NA;NA;NA;NA;NA;NA;NA;NA;NA;NA;NA;NA;NA;NA;NA;NA;NA;NA;NA;NA;NA;NA;NA;NA;NA;NA;NA;NA;NA;NA;NA;NA;NA;NA;NA;NA;NA;NA;NA;NA;NA;NA;NA;NA;NA;NA;NA;NA;NA;NA;NA;NA;NA;NA;NA;NA;NA;NA;NA;NA;NA;NA;NA;NA;NA;NA;NA;NA;NA;NA;NA;NA;NA;NA;NA;NA
FERTI_JOURS_PLUIE_OBS_MIN;[jour];;NA;NA;NA;NA;NA;NA;NA;NA;NA;NA;NA;NA;NA;NA;NA;NA;NA;NA;NA;NA;NA;NA;NA;NA;NA;NA;NA;NA;NA;NA;NA;NA;NA;NA;NA;NA;NA;NA;NA;NA;NA;NA;NA;NA;NA;NA;NA;NA;NA;NA;NA;NA;NA;NA;NA;NA;NA;NA;NA;NA;NA;NA;NA;NA;NA;NA;NA;NA;NA;NA;NA;NA;NA;NA;NA;NA;NA;NA;NA;NA;NA;NA;NA;NA;NA;NA
FERTI_HAUTEURS_PLUIE_OBS_MIN;[mm];;NA;NA;NA;NA;NA;NA;NA;NA;NA;NA;NA;NA;NA;NA;NA;NA;NA;NA;NA;NA;NA;NA;NA;NA;NA;NA;NA;NA;NA;NA;NA;NA;NA;NA;NA;NA;NA;NA;NA;NA;NA;NA;NA;NA;NA;NA;NA;NA;NA;NA;NA;NA;NA;NA;NA;NA;NA;NA;NA;NA;NA;NA;NA;NA;NA;NA;NA;NA;NA;NA;NA;NA;NA;NA;NA;NA;NA;NA;NA;NA;NA;NA;NA;NA;NA;NA
FERTI_ECHV_DEBUT;[echV];;NA;NA;NA;NA;NA;NA;NA;NA;NA;NA;NA;NA;NA;NA;NA;NA;NA;NA;NA;NA;NA;NA;NA;NA;NA;NA;NA;NA;NA;NA;NA;NA;NA;NA;NA;NA;NA;NA;NA;NA;NA;NA;NA;NA;NA;NA;NA;NA;NA;NA;NA;NA;NA;NA;NA;NA;NA;NA;NA;NA;NA;NA;NA;NA;NA;NA;NA;NA;NA;NA;NA;NA;NA;NA;NA;NA;NA;NA;NA;NA;NA;NA;NA;NA;NA;NA
FERTI_ECHV_FIN;[echV];;NA;NA;NA;NA;NA;NA;NA;NA;NA;NA;NA;NA;NA;NA;NA;NA;NA;NA;NA;NA;NA;NA;NA;NA;NA;NA;NA;NA;NA;NA;NA;NA;NA;NA;NA;NA;NA;NA;NA;NA;NA;NA;NA;NA;NA;NA;NA;NA;NA;NA;NA;NA;NA;NA;NA;NA;NA;NA;NA;NA;NA;NA;NA;NA;NA;NA;NA;NA;NA;NA;NA;NA;NA;NA;NA;NA;NA;NA;NA;NA;NA;NA;NA;NA;NA;NA
FERTI_TEMPERATURE_MIN;[C];N;NA;NA;NA;NA;NA;NA;NA;NA;NA;NA;NA;NA;NA;NA;NA;NA;NA;NA;NA;NA;NA;NA;NA;NA;NA;NA;NA;NA;NA;NA;NA;NA;NA;NA;NA;NA;NA;NA;NA;NA;NA;NA;NA;NA;NA;NA;NA;NA;NA;NA;NA;NA;NA;NA;NA;NA;NA;NA;NA;NA;NA;NA;NA;NA;NA;NA;NA;NA;NA;NA;NA;NA;NA;NA;NA;NA;NA;NA;NA;NA;NA;NA;NA;NA;NA;NA
FERTI_JOURS_TEMP_MIN;[jour];N;NA;NA;NA;NA;NA;NA;NA;NA;NA;NA;NA;NA;NA;NA;NA;NA;NA;NA;NA;NA;NA;NA;NA;NA;NA;NA;NA;NA;NA;NA;NA;NA;NA;NA;NA;NA;NA;NA;NA;NA;NA;NA;NA;NA;NA;NA;NA;NA;NA;NA;NA;NA;NA;NA;NA;NA;NA;NA;NA;NA;NA;NA;NA;NA;NA;NA;NA;NA;NA;NA;NA;NA;NA;NA;NA;NA;NA;NA;NA;NA;NA;NA;NA;NA;NA;NA
FERTI_TEMPERATURE_MAX;[C];N;NA;NA;NA;NA;NA;NA;NA;NA;NA;NA;NA;NA;NA;NA;NA;NA;NA;NA;NA;NA;NA;NA;NA;NA;NA;NA;NA;NA;NA;NA;NA;NA;NA;NA;NA;NA;NA;NA;NA;NA;NA;NA;NA;NA;NA;NA;NA;NA;NA;NA;NA;NA;NA;NA;NA;NA;NA;NA;NA;NA;NA;NA;NA;NA;NA;NA;NA;NA;NA;NA;NA;NA;NA;NA;NA;NA;NA;NA;NA;NA;NA;NA;NA;NA;NA;NA
FERTI_JOURS_TEMP_MAX;[jour];N;NA;NA;NA;NA;NA;NA;NA;NA;NA;NA;NA;NA;NA;NA;NA;NA;NA;NA;NA;NA;NA;NA;NA;NA;NA;NA;NA;NA;NA;NA;NA;NA;NA;NA;NA;NA;NA;NA;NA;NA;NA;NA;NA;NA;NA;NA;NA;NA;NA;NA;NA;NA;NA;NA;NA;NA;NA;NA;NA;NA;NA;NA;NA;NA;NA;NA;NA;NA;NA;NA;NA;NA;NA;NA;NA;NA;NA;NA;NA;NA;NA;NA;NA;NA;NA;NA
FERTI_TEMPERATURE_MAX_INF;[C];N;NA;NA;NA;NA;NA;NA;NA;NA;NA;NA;NA;NA;NA;NA;NA;NA;NA;NA;NA;NA;NA;NA;NA;NA;NA;NA;NA;NA;NA;NA;NA;NA;NA;NA;NA;NA;NA;NA;NA;NA;NA;NA;NA;NA;NA;NA;NA;NA;NA;NA;NA;NA;NA;NA;NA;NA;NA;NA;NA;NA;NA;NA;NA;NA;NA;NA;NA;NA;NA;NA;NA;NA;NA;NA;NA;NA;NA;NA;NA;NA;NA;NA;NA;NA;NA;NA
FERTI_JOURS_TEMP_MAX_INF;[jour];N;NA;NA;NA;NA;NA;NA;NA;NA;NA;NA;NA;NA;NA;NA;NA;NA;NA;NA;NA;NA;NA;NA;NA;NA;NA;NA;NA;NA;NA;NA;NA;NA;NA;NA;NA;NA;NA;NA;NA;NA;NA;NA;NA;NA;NA;NA;NA;NA;NA;NA;NA;NA;NA;NA;NA;NA;NA;NA;NA;NA;NA;NA;NA;NA;NA;NA;NA;NA;NA;NA;NA;NA;NA;NA;NA;NA;NA;NA;NA;NA;NA;NA;NA;NA;NA;NA
IS_PHYTO;[?];;NA;NA;NA;NA;NA;NA;NA;NA;NA;NA;NA;NA;NA;NA;NA;NA;NA;NA;NA;NA;NA;NA;NA;NA;NA;NA;NA;NA;NA;NA;NA;NA;NA;NA;NA;NA;NA;NA;NA;NA;NA;NA;NA;NA;NA;NA;NA;NA;NA;NA;NA;NA;NA;NA;NA;NA;NA;NA;NA;NA;NA;NA;NA;NA;NA;NA;NA;NA;NA;NA;NA;NA;NA;NA;NA;NA;NA;NA;NA;NA;NA;NA;NA;NA;NA;NA
PHYTO_PASSAGES;[NA];NA;NA;NA;NA;NA;NA;NA;NA;NA;NA;NA;NA;NA;NA;NA;NA;NA;NA;NA;NA;NA;NA;NA;NA;NA;NA;NA;NA;NA;NA;NA;NA;NA;NA;NA;NA;NA;NA;NA;NA;NA;NA;NA;NA;NA;NA;NA;NA;NA;NA;NA;NA;NA;NA;NA;NA;NA;NA;NA;NA;NA;NA;NA;NA;NA;NA;NA;NA;NA;NA;NA;NA;NA;NA;NA;NA;NA;NA;NA;NA;NA;NA;NA;NA;NA;NA;NA
PHYTO_OUTIL;[nom];NA;NA;NA;NA;NA;NA;NA;NA;NA;NA;NA;NA;NA;NA;NA;NA;NA;NA;NA;NA;NA;NA;NA;NA;NA;NA;NA;NA;NA;NA;NA;NA;NA;NA;NA;NA;NA;NA;NA;NA;NA;NA;NA;NA;NA;NA;NA;NA;NA;NA;NA;NA;NA;NA;NA;NA;NA;NA;NA;NA;NA;NA;NA;NA;NA;NA;NA;NA;NA;NA;NA;NA;NA;NA;NA;NA;NA;NA;NA;NA;NA;NA;NA;NA;NA;NA;NA
PHYTO_AGRIW;[bool];NA;NA;NA;NA;NA;NA;NA;NA;NA;NA;NA;NA;NA;NA;NA;NA;NA;NA;NA;NA;NA;NA;NA;NA;NA;NA;NA;NA;NA;NA;NA;NA;NA;NA;NA;NA;NA;NA;NA;NA;NA;NA;NA;NA;NA;NA;NA;NA;NA;NA;NA;NA;NA;NA;NA;NA;NA;NA;NA;NA;NA;NA;NA;NA;NA;NA;NA;NA;NA;NA;NA;NA;NA;NA;NA;NA;NA;NA;NA;NA;NA;NA;NA;NA;NA;NA;NA
PHYTO_TEMPS;[Ha/h];;NA;NA;NA;NA;NA;NA;NA;NA;NA;NA;NA;NA;NA;NA;NA;NA;NA;NA;NA;NA;NA;NA;NA;NA;NA;NA;NA;NA;NA;NA;NA;NA;NA;NA;NA;NA;NA;NA;NA;NA;NA;NA;NA;NA;NA;NA;NA;NA;NA;NA;NA;NA;NA;NA;NA;NA;NA;NA;NA;NA;NA;NA;NA;NA;NA;NA;NA;NA;NA;NA;NA;NA;NA;NA;NA;NA;NA;NA;NA;NA;NA;NA;NA;NA;NA;NA
PHYTO_DOSE/Ha;[dose/Ha];;NA;NA;NA;NA;NA;NA;NA;NA;NA;NA;NA;NA;NA;NA;NA;NA;NA;NA;NA;NA;NA;NA;NA;NA;NA;NA;NA;NA;NA;NA;NA;NA;NA;NA;NA;NA;NA;NA;NA;NA;NA;NA;NA;NA;NA;NA;NA;NA;NA;NA;NA;NA;NA;NA;NA;NA;NA;NA;NA;NA;NA;NA;NA;NA;NA;NA;NA;NA;NA;NA;NA;NA;NA;NA;NA;NA;NA;NA;NA;NA;NA;NA;NA;NA;NA;NA
PHYTO_NB_SOUS_PERIODES;[?];;NA;NA;NA;NA;NA;NA;NA;NA;NA;NA;NA;NA;NA;NA;NA;NA;NA;NA;NA;NA;NA;NA;NA;NA;NA;NA;NA;NA;NA;NA;NA;NA;NA;NA;NA;NA;NA;NA;NA;NA;NA;NA;NA;NA;NA;NA;NA;NA;NA;NA;NA;NA;NA;NA;NA;NA;NA;NA;NA;NA;NA;NA;NA;NA;NA;NA;NA;NA;NA;NA;NA;NA;NA;NA;NA;NA;NA;NA;NA;NA;NA;NA;NA;NA;NA;NA
PHYTO_DEBUT;[jour];;NA;NA;NA;NA;NA;NA;NA;NA;NA;NA;NA;NA;NA;NA;NA;NA;NA;NA;NA;NA;NA;NA;NA;NA;NA;NA;NA;NA;NA;NA;NA;NA;NA;NA;NA;NA;NA;NA;NA;NA;NA;NA;NA;NA;NA;NA;NA;NA;NA;NA;NA;NA;NA;NA;NA;NA;NA;NA;NA;NA;NA;NA;NA;NA;NA;NA;NA;NA;NA;NA;NA;NA;NA;NA;NA;NA;NA;NA;NA;NA;NA;NA;NA;NA;NA;NA
PHYTO_FIN;[jour];;NA;NA;NA;NA;NA;NA;NA;NA;NA;NA;NA;NA;NA;NA;NA;NA;NA;NA;NA;NA;NA;NA;NA;NA;NA;NA;NA;NA;NA;NA;NA;NA;NA;NA;NA;NA;NA;NA;NA;NA;NA;NA;NA;NA;NA;NA;NA;NA;NA;NA;NA;NA;NA;NA;NA;NA;NA;NA;NA;NA;NA;NA;NA;NA;NA;NA;NA;NA;NA;NA;NA;NA;NA;NA;NA;NA;NA;NA;NA;NA;NA;NA;NA;NA;NA;NA
PHYTO_HUMIDITE_SOL_MAX;[%];NA;NA;NA;NA;NA;NA;NA;NA;NA;NA;NA;NA;NA;NA;NA;NA;NA;NA;NA;NA;NA;NA;NA;NA;NA;NA;NA;NA;NA;NA;NA;NA;NA;NA;NA;NA;NA;NA;NA;NA;NA;NA;NA;NA;NA;NA;NA;NA;NA;NA;NA;NA;NA;NA;NA;NA;NA;NA;NA;NA;NA;NA;NA;NA;NA;NA;NA;NA;NA;NA;NA;NA;NA;NA;NA;NA;NA;NA;NA;NA;NA;NA;NA;NA;NA;NA;NA
PHYTO_JOURS_PLUIE_OBS;[jour];;NA;NA;NA;NA;NA;NA;NA;NA;NA;NA;NA;NA;NA;NA;NA;NA;NA;NA;NA;NA;NA;NA;NA;NA;NA;NA;NA;NA;NA;NA;NA;NA;NA;NA;NA;NA;NA;NA;NA;NA;NA;NA;NA;NA;NA;NA;NA;NA;NA;NA;NA;NA;NA;NA;NA;NA;NA;NA;NA;NA;NA;NA;NA;NA;NA;NA;NA;NA;NA;NA;NA;NA;NA;NA;NA;NA;NA;NA;NA;NA;NA;NA;NA;NA;NA;NA
PHYTO_HAUTEURS_PLUIE_OBS_MIN;[mm];;NA;NA;NA;NA;NA;NA;NA;NA;NA;NA;NA;NA;NA;NA;NA;NA;NA;NA;NA;NA;NA;NA;NA;NA;NA;NA;NA;NA;NA;NA;NA;NA;NA;NA;NA;NA;NA;NA;NA;NA;NA;NA;NA;NA;NA;NA;NA;NA;NA;NA;NA;NA;NA;NA;NA;NA;NA;NA;NA;NA;NA;NA;NA;NA;NA;NA;NA;NA;NA;NA;NA;NA;NA;NA;NA;NA;NA;NA;NA;NA;NA;NA;NA;NA;NA;NA
PHYTO_JOURS_PLUIE_PREVUES;[jour];;NA;NA;NA;NA;NA;NA;NA;NA;NA;NA;NA;NA;NA;NA;NA;NA;NA;NA;NA;NA;NA;NA;NA;NA;NA;NA;NA;NA;NA;NA;NA;NA;NA;NA;NA;NA;NA;NA;NA;NA;NA;NA;NA;NA;NA;NA;NA;NA;NA;NA;NA;NA;NA;NA;NA;NA;NA;NA;NA;NA;NA;NA;NA;NA;NA;NA;NA;NA;NA;NA;NA;NA;NA;NA;NA;NA;NA;NA;NA;NA;NA;NA;NA;NA;NA;NA
PHYTO_HAUTEURS_PLUIE_PREVUES_MIN;[mm];;NA;NA;NA;NA;NA;NA;NA;NA;NA;NA;NA;NA;NA;NA;NA;NA;NA;NA;NA;NA;NA;NA;NA;NA;NA;NA;NA;NA;NA;NA;NA;NA;NA;NA;NA;NA;NA;NA;NA;NA;NA;NA;NA;NA;NA;NA;NA;NA;NA;NA;NA;NA;NA;NA;NA;NA;NA;NA;NA;NA;NA;NA;NA;NA;NA;NA;NA;NA;NA;NA;NA;NA;NA;NA;NA;NA;NA;NA;NA;NA;NA;NA;NA;NA;NA;NA
PHYTO_TEMPERATURE_MIN;[C];N;NA;NA;NA;NA;NA;NA;NA;NA;NA;NA;NA;NA;NA;NA;NA;NA;NA;NA;NA;NA;NA;NA;NA;NA;NA;NA;NA;NA;NA;NA;NA;NA;NA;NA;NA;NA;NA;NA;NA;NA;NA;NA;NA;NA;NA;NA;NA;NA;NA;NA;NA;NA;NA;NA;NA;NA;NA;NA;NA;NA;NA;NA;NA;NA;NA;NA;NA;NA;NA;NA;NA;NA;NA;NA;NA;NA;NA;NA;NA;NA;NA;NA;NA;NA;NA;NA
PHYTO_JOURS_TEMP_MIN;[jour];N;NA;NA;NA;NA;NA;NA;NA;NA;NA;NA;NA;NA;NA;NA;NA;NA;NA;NA;NA;NA;NA;NA;NA;NA;NA;NA;NA;NA;NA;NA;NA;NA;NA;NA;NA;NA;NA;NA;NA;NA;NA;NA;NA;NA;NA;NA;NA;NA;NA;NA;NA;NA;NA;NA;NA;NA;NA;NA;NA;NA;NA;NA;NA;NA;NA;NA;NA;NA;NA;NA;NA;NA;NA;NA;NA;NA;NA;NA;NA;NA;NA;NA;NA;NA;NA;NA
PHYTO_TEMPERATURE_MAX;[C];N;NA;NA;NA;NA;NA;NA;NA;NA;NA;NA;NA;NA;NA;NA;NA;NA;NA;NA;NA;NA;NA;NA;NA;NA;NA;NA;NA;NA;NA;NA;NA;NA;NA;NA;NA;NA;NA;NA;NA;NA;NA;NA;NA;NA;NA;NA;NA;NA;NA;NA;NA;NA;NA;NA;NA;NA;NA;NA;NA;NA;NA;NA;NA;NA;NA;NA;NA;NA;NA;NA;NA;NA;NA;NA;NA;NA;NA;NA;NA;NA;NA;NA;NA;NA;NA;NA
PHYTO_JOURS_TEMP_MAX;[jour];N;NA;NA;NA;NA;NA;NA;NA;NA;NA;NA;NA;NA;NA;NA;NA;NA;NA;NA;NA;NA;NA;NA;NA;NA;NA;NA;NA;NA;NA;NA;NA;NA;NA;NA;NA;NA;NA;NA;NA;NA;NA;NA;NA;NA;NA;NA;NA;NA;NA;NA;NA;NA;NA;NA;NA;NA;NA;NA;NA;NA;NA;NA;NA;NA;NA;NA;NA;NA;NA;NA;NA;NA;NA;NA;NA;NA;NA;NA;NA;NA;NA;NA;NA;NA;NA;NA
PHYTO_TEMPERATURE_MAX_INF;[C];N;NA;NA;NA;NA;NA;NA;NA;NA;NA;NA;NA;NA;NA;NA;NA;NA;NA;NA;NA;NA;NA;NA;NA;NA;NA;NA;NA;NA;NA;NA;NA;NA;NA;NA;NA;NA;NA;NA;NA;NA;NA;NA;NA;NA;NA;NA;NA;NA;NA;NA;NA;NA;NA;NA;NA;NA;NA;NA;NA;NA;NA;NA;NA;NA;NA;NA;NA;NA;NA;NA;NA;NA;NA;NA;NA;NA;NA;NA;NA;NA;NA;NA;NA;NA;NA;NA
PHYTO_JOURS_TEMP_MAX_INF;[jour];N;NA;NA;NA;NA;NA;NA;NA;NA;NA;NA;NA;NA;NA;NA;NA;NA;NA;NA;NA;NA;NA;NA;NA;NA;NA;NA;NA;NA;NA;NA;NA;NA;NA;NA;NA;NA;NA;NA;NA;NA;NA;NA;NA;NA;NA;NA;NA;NA;NA;NA;NA;NA;NA;NA;NA;NA;NA;NA;NA;NA;NA;NA;NA;NA;NA;NA;NA;NA;NA;NA;NA;NA;NA;NA;NA;NA;NA;NA;NA;NA;NA;NA;NA;NA;NA;NA
PHYTO_JOURS_HYGROMETERIE;[jour];N;NA;NA;NA;NA;NA;NA;NA;NA;NA;NA;NA;NA;NA;NA;NA;NA;NA;NA;NA;NA;NA;NA;NA;NA;NA;NA;NA;NA;NA;NA;NA;NA;NA;NA;NA;NA;NA;NA;NA;NA;NA;NA;NA;NA;NA;NA;NA;NA;NA;NA;NA;NA;NA;NA;NA;NA;NA;NA;NA;NA;NA;NA;NA;NA;NA;NA;NA;NA;NA;NA;NA;NA;NA;NA;NA;NA;NA;NA;NA;NA;NA;NA;NA;NA;NA;NA
PHYTO_HYGROMETERIE;[pourcentage];N;NA;NA;NA;NA;NA;NA;NA;NA;NA;NA;NA;NA;NA;NA;NA;NA;NA;NA;NA;NA;NA;NA;NA;NA;NA;NA;NA;NA;NA;NA;NA;NA;NA;NA;NA;NA;NA;NA;NA;NA;NA;NA;NA;NA;NA;NA;NA;NA;NA;NA;NA;NA;NA;NA;NA;NA;NA;NA;NA;NA;NA;NA;NA;NA;NA;NA;NA;NA;NA;NA;NA;NA;NA;NA;NA;NA;NA;NA;NA;NA;NA;NA;NA;NA;NA;NA
IS_PREPA_2;NA;NA;NA;NA;NA;NA;NA;NA;NA;O;O;NA;O;NA;O;NA;NA;NA;NA;NA;NA;O;NA;O;NA;NA;NA;NA;O;O;NA;NA;NA;O;O;O;O;O;O;O;NA;NA;NA;NA;NA;NA;NA;NA;NA;NA;O;NA;NA;NA;NA;NA;NA;NA;NA;NA;NA;NA;NA;NA;NA;NA;NA;NA;NA;NA;NA;NA;NA;NA;NA;NA;NA;NA;NA;NA;NA;O;NA;NA;NA;NA;NA;O
PREPA_PASSAGES_2;NA;NA;NA;NA;NA;NA;NA;NA;NA;1;1;NA;1;NA;1;NA;NA;NA;NA;NA;NA;1;NA;1;NA;NA;NA;NA;1;1;NA;NA;NA;1;1;1;1;1;1;1;NA;NA;NA;NA;NA;NA;NA;NA;NA;NA;1;NA;NA;NA;NA;NA;NA;NA;NA;NA;NA;NA;NA;NA;NA;NA;NA;NA;NA;NA;NA;NA;NA;NA;NA;NA;NA;NA;NA;NA;NA;1;NA;NA;NA;NA;NA;1
PREPA_OUTIL_2;NA;NA;NA;NA;NA;NA;NA;NA;NA;Vibroculteur;Vibroculteur;NA;Vibroculteur;NA;Vibroculteur;NA;NA;NA;NA;NA;NA;Dechaumeur;NA;Dechaumeur;NA;NA;NA;NA;Dechaumeur;Dechaumeur;NA;NA;NA;Charrue;Charrue;Charrue;Charrue;Dechaumeur;Dechaumeur;Dechaumeur;NA;NA;NA;NA;NA;NA;NA;NA;NA;NA;Decompacteur;NA;NA;NA;NA;NA;NA;NA;NA;NA;NA;NA;NA;NA;NA;NA;NA;NA;NA;NA;NA;NA;NA;NA;NA;NA;NA;NA;NA;NA;NA;Charrue;NA;NA;NA;NA;NA;Charrue
PREPA_AGRIW_2;NA;NA;NA;NA;NA;NA;NA;NA;NA;oui;oui;NA;oui;NA;oui;NA;NA;NA;NA;NA;NA;oui;NA;oui;NA;NA;NA;NA;oui;oui;NA;NA;NA;oui;oui;oui;oui;oui;oui;oui;NA;NA;NA;NA;NA;NA;NA;NA;NA;NA;oui;NA;NA;NA;NA;NA;NA;NA;NA;NA;NA;NA;NA;NA;NA;NA;NA;NA;NA;NA;NA;NA;NA;NA;NA;NA;NA;NA;NA;NA;NA;oui;NA;NA;NA;NA;NA;oui
PREPA_NB_SOUS_PERIODES_2;NA;NA;NA;NA;NA;NA;NA;NA;NA;2;2;NA;2;NA;2;NA;NA;NA;NA;NA;NA;1;NA;1;NA;NA;NA;NA;1;1;NA;NA;NA;1;2;2;2;1;1;1;NA;NA;NA;NA;NA;NA;NA;NA;NA;NA;1;NA;NA;NA;NA;NA;NA;NA;NA;NA;NA;NA;NA;NA;NA;NA;NA;NA;NA;NA;NA;NA;NA;NA;NA;NA;NA;NA;NA;NA;NA;2;NA;NA;NA;NA;NA;1
PREPA_TEMPS_2;NA;NA;NA;NA;NA;NA;NA;NA;NA;2.4;2.4;NA;2.4;NA;2.4;NA;NA;NA;NA;NA;NA;2.5;NA;2.5;NA;NA;NA;NA;1.2;1.2;NA;NA;NA;1.3;1.3;1.3;1.3;2.5;2.5;2.5;NA;NA;NA;NA;NA;NA;NA;NA;NA;NA;1.2;NA;NA;NA;NA;NA;NA;NA;NA;NA;NA;NA;NA;NA;NA;NA;NA;NA;NA;NA;NA;NA;NA;NA;NA;NA;NA;NA;NA;NA;NA;1.3;NA;NA;NA;NA;NA;1.3
PREPA_DEBUT_2;NA;NA;NA;NA;NA;NA;NA;NA;NA;273|283;273|284;NA;232|244;NA;232|244;NA;NA;NA;NA;NA;NA;51;NA;51;NA;NA;NA;NA;51;32;NA;NA;NA;213;324|345;324|345;110|121;91;91;91;NA;NA;NA;NA;NA;NA;NA;NA;NA;NA;32;NA;NA;NA;NA;NA;NA;NA;NA;NA;NA;NA;NA;NA;NA;NA;NA;NA;NA;NA;NA;NA;NA;NA;NA;NA;NA;NA;NA;NA;NA;324|345;NA;NA;NA;NA;NA;57
PREPA_FIN_2;NA;NA;NA;NA;NA;NA;NA;NA;NA;283|293;283|293;NA;243|253;NA;243|253;NA;NA;NA;NA;NA;NA;69;NA;69;NA;NA;NA;NA;69;51;NA;NA;NA;232;344|354;344|354;120|130;100;100;100;NA;NA;NA;NA;NA;NA;NA;NA;NA;NA;51;NA;NA;NA;NA;NA;NA;NA;NA;NA;NA;NA;NA;NA;NA;NA;NA;NA;NA;NA;NA;NA;NA;NA;NA;NA;NA;NA;NA;NA;NA;344|354;NA;NA;NA;NA;NA;67
PREPA_JOURS_P-ETP_MIN_2;NA;NA;NA;NA;NA;NA;NA;NA;NA;NA|NA;NA|NA;NA;NA|NA;NA;NA|NA;NA;NA;NA;NA;NA;NA;NA;NA;NA;NA;NA;NA;NA;NA;NA;NA;NA;NA;NA;NA|NA;NA|NA;NA|NA;NA;NA;NA;NA;NA;NA;NA;NA;NA;NA;NA;NA;NA;NA;NA;NA;NA;NA;NA;NA;NA;NA;NA;NA;NA;NA;NA;NA;NA;NA;NA;NA;NA;NA;NA;NA;NA;NA;NA;NA;NA;NA;NA;NA;NA|NA;NA;NA;NA;NA;NA;NA
PREPA_P-ETP_MIN_2;NA;NA;NA;NA;NA;NA;NA;NA;NA;NA|NA;NA|NA;NA;NA|NA;NA;NA|NA;NA;NA;NA;NA;NA;NA;NA;NA;NA;NA;NA;NA;NA;NA;NA;NA;NA;NA;NA;NA|NA;NA|NA;NA|NA;NA;NA;NA;NA;NA;NA;NA;NA;NA;NA;NA;NA;NA;NA;NA;NA;NA;NA;NA;NA;NA;NA;NA;NA;NA;NA;NA;NA;NA;NA;NA;NA;NA;NA;NA;NA;NA;NA;NA;NA;NA;NA;NA;NA;NA|NA;NA;NA;NA;NA;NA;NA
PREPA_JOURS_PLUIE_2;NA;NA;NA;NA;NA;NA;NA;NA;NA;4|2;3|2;NA;4|2;NA;3|2;NA;NA;NA;NA;NA;NA;3;NA;2;NA;NA;NA;NA;1;1;NA;NA;NA;1;4|3;4|3;3|2;1;1;1;NA;NA;NA;NA;NA;NA;NA;NA;NA;NA;1;NA;NA;NA;NA;NA;NA;NA;NA;NA;NA;NA;NA;NA;NA;NA;NA;NA;NA;NA;NA;NA;NA;NA;NA;NA;NA;NA;NA;NA;NA;4|3;NA;NA;NA;NA;NA;1
PREPA_HAUTEURS_PLUIE_MAX_2;NA;NA;NA;NA;NA;NA;NA;NA;NA;0|0;0|0;NA;0|0;NA;0|0;NA;NA;NA;NA;NA;NA;5;NA;5;NA;NA;NA;NA;10;10;NA;NA;NA;10;0|0;0|0;0|0;10;10;5;NA;NA;NA;NA;NA;NA;NA;NA;NA;NA;5;NA;NA;NA;NA;NA;NA;NA;NA;NA;NA;NA;NA;NA;NA;NA;NA;NA;NA;NA;NA;NA;NA;NA;NA;NA;NA;NA;NA;NA;NA;0|0;NA;NA;NA;NA;NA;10
PREPA_HUMIDITE_SOL_MAX_2;NA;NA;NA;NA;NA;NA;NA;NA;NA;0.9|0.9;0.9|0.9;NA;0.9|0.9;NA;0.9|0.9;NA;NA;NA;NA;NA;NA;0.9;NA;0.9;NA;NA;NA;NA;NA;NA;NA;NA;NA;0.8;NA|NA;NA|NA;NA|NA;NA;NA;0.9;NA;NA;NA;NA;NA;NA;NA;NA;NA;NA;0.9;NA;NA;NA;NA;NA;NA;NA;NA;NA;NA;NA;NA;NA;NA;NA;NA;NA;NA;NA;NA;NA;NA;NA;NA;NA;NA;NA;NA;NA;NA;NA|NA;NA;NA;NA;NA;NA;0.8
PREPA_EFFET_RUs_2;NA;NA;NA;NA;NA;NA;NA;NA;NA;5|5;5|5;NA;5|5;NA;5|5;NA;NA;NA;NA;NA;NA;8;NA;8;NA;NA;NA;NA;8;8;NA;NA;NA;15;15|15;15|15;15|15;5;5;5;NA;NA;NA;NA;NA;NA;NA;NA;NA;NA;8;NA;NA;NA;NA;NA;NA;NA;NA;NA;NA;NA;NA;NA;NA;NA;NA;NA;NA;NA;NA;NA;NA;NA;NA;NA;NA;NA;NA;NA;NA;15|15;NA;NA;NA;NA;NA;15
PREPA_TEMPERATURE_MIN_2;NA;NA;NA;NA;NA;NA;NA;NA;NA;NA|NA;NA|NA;NA;NA|NA;NA;NA|NA;NA;NA;NA;NA;NA;NA;NA;NA;NA;NA;NA;NA;NA;NA;NA;NA;NA;NA;NA;NA|NA;NA|NA;NA|NA;NA;NA;NA;NA;NA;NA;NA;NA;NA;NA;NA;NA;NA;NA;NA;NA;NA;NA;NA;NA;NA;NA;NA;NA;NA;NA;NA;NA;NA;NA;NA;NA;NA;NA;NA;NA;NA;NA;NA;NA;NA;NA;NA;NA;NA|NA;NA;NA;NA;NA;NA;NA
PREPA_JOURS_TEMP_MIN_2;NA;NA;NA;NA;NA;NA;NA;NA;NA;NA|NA;NA|NA;NA;NA|NA;NA;NA|NA;NA;NA;NA;NA;NA;NA;NA;NA;NA;NA;NA;NA;NA;NA;NA;NA;NA;NA;NA;NA|NA;NA|NA;NA|NA;NA;NA;NA;NA;NA;NA;NA;NA;NA;NA;NA;NA;NA;NA;NA;NA;NA;NA;NA;NA;NA;NA;NA;NA;NA;NA;NA;NA;NA;NA;NA;NA;NA;NA;NA;NA;NA;NA;NA;NA;NA;NA;NA;NA;NA|NA;NA;NA;NA;NA;NA;NA
PREPA_TEMPERATURE_MAX_2;NA;NA;NA;NA;NA;NA;NA;NA;NA;NA|NA;NA|NA;NA;NA|NA;NA;NA|NA;NA;NA;NA;NA;NA;NA;NA;NA;NA;NA;NA;NA;NA;NA;NA;NA;NA;NA;NA;NA|NA;NA|NA;NA|NA;NA;NA;NA;NA;NA;NA;NA;NA;NA;NA;NA;NA;NA;NA;NA;NA;NA;NA;NA;NA;NA;NA;NA;NA;NA;NA;NA;NA;NA;NA;NA;NA;NA;NA;NA;NA;NA;NA;NA;NA;NA;NA;NA;NA;NA|NA;NA;NA;NA;NA;NA;NA
PREPA_JOURS_TEMP_MAX_2;NA;NA;NA;NA;NA;NA;NA;NA;NA;NA|NA;NA|NA;NA;NA|NA;NA;NA|NA;NA;NA;NA;NA;NA;NA;NA;NA;NA;NA;NA;NA;NA;NA;NA;NA;NA;NA;NA;NA|NA;NA|NA;NA|NA;NA;NA;NA;NA;NA;NA;NA;NA;NA;NA;NA;NA;NA;NA;NA;NA;NA;NA;NA;NA;NA;NA;NA;NA;NA;NA;NA;NA;NA;NA;NA;NA;NA;NA;NA;NA;NA;NA;NA;NA;NA;NA;NA;NA;NA|NA;NA;NA;NA;NA;NA;NA
PREPA_TEMPERATURE_MAX_INF_2;NA;NA;NA;NA;NA;NA;NA;NA;NA;NA|NA;NA|NA;NA;NA|NA;NA;NA|NA;NA;NA;NA;NA;NA;NA;NA;NA;NA;NA;NA;NA;NA;NA;NA;NA;NA;NA;NA;NA|NA;NA|NA;NA|NA;NA;NA;NA;NA;NA;NA;NA;NA;NA;NA;NA;NA;NA;NA;NA;NA;NA;NA;NA;NA;NA;NA;NA;NA;NA;NA;NA;NA;NA;NA;NA;NA;NA;NA;NA;NA;NA;NA;NA;NA;NA;NA;NA;NA;NA|NA;NA;NA;NA;NA;NA;NA
PREPA_JOURS_TEMP_MAX_INF_2;NA;NA;NA;NA;NA;NA;NA;NA;NA;NA|NA;NA|NA;NA;NA|NA;NA;NA|NA;NA;NA;NA;NA;NA;NA;NA;NA;NA;NA;NA;NA;NA;NA;NA;NA;NA;NA;NA;NA|NA;NA|NA;NA|NA;NA;NA;NA;NA;NA;NA;NA;NA;NA;NA;NA;NA;NA;NA;NA;NA;NA;NA;NA;NA;NA;NA;NA;NA;NA;NA;NA;NA;NA;NA;NA;NA;NA;NA;NA;NA;NA;NA;NA;NA;NA;NA;NA;NA;NA|NA;NA;NA;NA;NA;NA;NA
IS_PREPA_3;NA;NA;NA;NA;NA;NA;NA;NA;NA;NA;NA;NA;NA;NA;NA;NA;NA;NA;NA;NA;NA;O;NA;O;NA;NA;NA;NA;NA;NA;NA;NA;NA;NA;NA;NA;NA;NA;NA;NA;NA;NA;NA;NA;NA;NA;NA;NA;NA;NA;NA;NA;NA;NA;NA;NA;NA;NA;NA;NA;NA;NA;NA;NA;NA;NA;NA;NA;NA;NA;NA;NA;NA;NA;NA;NA;NA;NA;NA;NA;NA;NA;NA;NA;NA;NA;NA;NA
PREPA_PASSAGES_3;NA;NA;NA;NA;NA;NA;NA;NA;NA;NA;NA;NA;NA;NA;NA;NA;NA;NA;NA;NA;NA;1;NA;1;NA;NA;NA;NA;NA;NA;NA;NA;NA;NA;NA;NA;NA;NA;NA;NA;NA;NA;NA;NA;NA;NA;NA;NA;NA;NA;NA;NA;NA;NA;NA;NA;NA;NA;NA;NA;NA;NA;NA;NA;NA;NA;NA;NA;NA;NA;NA;NA;NA;NA;NA;NA;NA;NA;NA;NA;NA;NA;NA;NA;NA;NA;NA;NA
PREPA_OUTIL_3;NA;NA;NA;NA;NA;NA;NA;NA;NA;NA;NA;NA;NA;NA;NA;NA;NA;NA;NA;NA;NA;Rouleaux;NA;Rouleaux;NA;NA;NA;NA;NA;NA;NA;NA;NA;NA;NA;NA;NA;NA;NA;NA;NA;NA;NA;NA;NA;NA;NA;NA;NA;NA;NA;NA;NA;NA;NA;NA;NA;NA;NA;NA;NA;NA;NA;NA;NA;NA;NA;NA;NA;NA;NA;NA;NA;NA;NA;NA;NA;NA;NA;NA;NA;NA;NA;NA;NA;NA;NA;NA
PREPA_AGRIW_3;NA;NA;NA;NA;NA;NA;NA;NA;NA;NA;NA;NA;NA;NA;NA;NA;NA;NA;NA;NA;NA;oui;NA;oui;NA;NA;NA;NA;NA;NA;NA;NA;NA;NA;NA;NA;NA;NA;NA;NA;NA;NA;NA;NA;NA;NA;NA;NA;NA;NA;NA;NA;NA;NA;NA;NA;NA;NA;NA;NA;NA;NA;NA;NA;NA;NA;NA;NA;NA;NA;NA;NA;NA;NA;NA;NA;NA;NA;NA;NA;NA;NA;NA;NA;NA;NA;NA;NA
PREPA_NB_SOUS_PERIODES_3;NA;NA;NA;NA;NA;NA;NA;NA;NA;NA;NA;NA;NA;NA;NA;NA;NA;NA;NA;NA;NA;1;NA;1;NA;NA;NA;NA;NA;NA;NA;NA;NA;NA;NA;NA;NA;NA;NA;NA;NA;NA;NA;NA;NA;NA;NA;NA;NA;NA;NA;NA;NA;NA;NA;NA;NA;NA;NA;NA;NA;NA;NA;NA;NA;NA;NA;NA;NA;NA;NA;NA;NA;NA;NA;NA;NA;NA;NA;NA;NA;NA;NA;NA;NA;NA;NA;NA
PREPA_TEMPS_3;NA;NA;NA;NA;NA;NA;NA;NA;NA;NA;NA;NA;NA;NA;NA;NA;NA;NA;NA;NA;NA;3.5;NA;3.5;NA;NA;NA;NA;NA;NA;NA;NA;NA;NA;NA;NA;NA;NA;NA;NA;NA;NA;NA;NA;NA;NA;NA;NA;NA;NA;NA;NA;NA;NA;NA;NA;NA;NA;NA;NA;NA;NA;NA;NA;NA;NA;NA;NA;NA;NA;NA;NA;NA;NA;NA;NA;NA;NA;NA;NA;NA;NA;NA;NA;NA;NA;NA;NA
PREPA_DEBUT_3;NA;NA;NA;NA;NA;NA;NA;NA;NA;NA;NA;NA;NA;NA;NA;NA;NA;NA;NA;NA;NA;74;NA;74;NA;NA;NA;NA;NA;NA;NA;NA;NA;NA;NA;NA;NA;NA;NA;NA;NA;NA;NA;NA;NA;NA;NA;NA;NA;NA;NA;NA;NA;NA;NA;NA;NA;NA;NA;NA;NA;NA;NA;NA;NA;NA;NA;NA;NA;NA;NA;NA;NA;NA;NA;NA;NA;NA;NA;NA;NA;NA;NA;NA;NA;NA;NA;NA
PREPA_FIN_3;NA;NA;NA;NA;NA;NA;NA;NA;NA;NA;NA;NA;NA;NA;NA;NA;NA;NA;NA;NA;NA;90;NA;90;NA;NA;NA;NA;NA;NA;NA;NA;NA;NA;NA;NA;NA;NA;NA;NA;NA;NA;NA;NA;NA;NA;NA;NA;NA;NA;NA;NA;NA;NA;NA;NA;NA;NA;NA;NA;NA;NA;NA;NA;NA;NA;NA;NA;NA;NA;NA;NA;NA;NA;NA;NA;NA;NA;NA;NA;NA;NA;NA;NA;NA;NA;NA;NA
PREPA_JOURS_P-ETP_MIN_3;NA;NA;NA;NA;NA;NA;NA;NA;NA;NA;NA;NA;NA;NA;NA;NA;NA;NA;NA;NA;NA;NA;NA;NA;NA;NA;NA;NA;NA;NA;NA;NA;NA;NA;NA;NA;NA;NA;NA;NA;NA;NA;NA;NA;NA;NA;NA;NA;NA;NA;NA;NA;NA;NA;NA;NA;NA;NA;NA;NA;NA;NA;NA;NA;NA;NA;NA;NA;NA;NA;NA;NA;NA;NA;NA;NA;NA;NA;NA;NA;NA;NA;NA;NA;NA;NA;NA;NA
PREPA_P-ETP_MIN_3;NA;NA;NA;NA;NA;NA;NA;NA;NA;NA;NA;NA;NA;NA;NA;NA;NA;NA;NA;NA;NA;NA;NA;NA;NA;NA;NA;NA;NA;NA;NA;NA;NA;NA;NA;NA;NA;NA;NA;NA;NA;NA;NA;NA;NA;NA;NA;NA;NA;NA;NA;NA;NA;NA;NA;NA;NA;NA;NA;NA;NA;NA;NA;NA;NA;NA;NA;NA;NA;NA;NA;NA;NA;NA;NA;NA;NA;NA;NA;NA;NA;NA;NA;NA;NA;NA;NA;NA
PREPA_JOURS_PLUIE_3;NA;NA;NA;NA;NA;NA;NA;NA;NA;NA;NA;NA;NA;NA;NA;NA;NA;NA;NA;NA;NA;1;NA;1;NA;NA;NA;NA;NA;NA;NA;NA;NA;NA;NA;NA;NA;NA;NA;NA;NA;NA;NA;NA;NA;NA;NA;NA;NA;NA;NA;NA;NA;NA;NA;NA;NA;NA;NA;NA;NA;NA;NA;NA;NA;NA;NA;NA;NA;NA;NA;NA;NA;NA;NA;NA;NA;NA;NA;NA;NA;NA;NA;NA;NA;NA;NA;NA
PREPA_HAUTEURS_PLUIE_MAX_3;NA;NA;NA;NA;NA;NA;NA;NA;NA;NA;NA;NA;NA;NA;NA;NA;NA;NA;NA;NA;NA;5;NA;5;NA;NA;NA;NA;NA;NA;NA;NA;NA;NA;NA;NA;NA;NA;NA;NA;NA;NA;NA;NA;NA;NA;NA;NA;NA;NA;NA;NA;NA;NA;NA;NA;NA;NA;NA;NA;NA;NA;NA;NA;NA;NA;NA;NA;NA;NA;NA;NA;NA;NA;NA;NA;NA;NA;NA;NA;NA;NA;NA;NA;NA;NA;NA;NA
PREPA_HUMIDITE_SOL_MAX_3;NA;NA;NA;NA;NA;NA;NA;NA;NA;NA;NA;NA;NA;NA;NA;NA;NA;NA;NA;NA;NA;NA;NA;NA;NA;NA;NA;NA;NA;NA;NA;NA;NA;NA;NA;NA;NA;NA;NA;NA;NA;NA;NA;NA;NA;NA;NA;NA;NA;NA;NA;NA;NA;NA;NA;NA;NA;NA;NA;NA;NA;NA;NA;NA;NA;NA;NA;NA;NA;NA;NA;NA;NA;NA;NA;NA;NA;NA;NA;NA;NA;NA;NA;NA;NA;NA;NA;NA
PREPA_EFFET_RUs_3;NA;NA;NA;NA;NA;NA;NA;NA;NA;NA;NA;NA;NA;NA;NA;NA;NA;NA;NA;NA;NA;0;NA;0;NA;NA;NA;NA;NA;NA;NA;NA;NA;NA;NA;NA;NA;NA;NA;NA;NA;NA;NA;NA;NA;NA;NA;NA;NA;NA;NA;NA;NA;NA;NA;NA;NA;NA;NA;NA;NA;NA;NA;NA;NA;NA;NA;NA;NA;NA;NA;NA;NA;NA;NA;NA;NA;NA;NA;NA;NA;NA;NA;NA;NA;NA;NA;NA
PREPA_TEMPERATURE_MIN_3;NA;NA;NA;NA;NA;NA;NA;NA;NA;NA;NA;NA;NA;NA;NA;NA;NA;NA;NA;NA;NA;NA;NA;NA;NA;NA;NA;NA;NA;NA;NA;NA;NA;NA;NA;NA;NA;NA;NA;NA;NA;NA;NA;NA;NA;NA;NA;NA;NA;NA;NA;NA;NA;NA;NA;NA;NA;NA;NA;NA;NA;NA;NA;NA;NA;NA;NA;NA;NA;NA;NA;NA;NA;NA;NA;NA;NA;NA;NA;NA;NA;NA;NA;NA;NA;NA;NA;NA
PREPA_JOURS_TEMP_MIN_3;NA;NA;NA;NA;NA;NA;NA;NA;NA;NA;NA;NA;NA;NA;NA;NA;NA;NA;NA;NA;NA;NA;NA;NA;NA;NA;NA;NA;NA;NA;NA;NA;NA;NA;NA;NA;NA;NA;NA;NA;NA;NA;NA;NA;NA;NA;NA;NA;NA;NA;NA;NA;NA;NA;NA;NA;NA;NA;NA;NA;NA;NA;NA;NA;NA;NA;NA;NA;NA;NA;NA;NA;NA;NA;NA;NA;NA;NA;NA;NA;NA;NA;NA;NA;NA;NA;NA;NA
PREPA_TEMPERATURE_MAX_3;NA;NA;NA;NA;NA;NA;NA;NA;NA;NA;NA;NA;NA;NA;NA;NA;NA;NA;NA;NA;NA;NA;NA;NA;NA;NA;NA;NA;NA;NA;NA;NA;NA;NA;NA;NA;NA;NA;NA;NA;NA;NA;NA;NA;NA;NA;NA;NA;NA;NA;NA;NA;NA;NA;NA;NA;NA;NA;NA;NA;NA;NA;NA;NA;NA;NA;NA;NA;NA;NA;NA;NA;NA;NA;NA;NA;NA;NA;NA;NA;NA;NA;NA;NA;NA;NA;NA;NA
PREPA_JOURS_TEMP_MAX_3;NA;NA;NA;NA;NA;NA;NA;NA;NA;NA;NA;NA;NA;NA;NA;NA;NA;NA;NA;NA;NA;NA;NA;NA;NA;NA;NA;NA;NA;NA;NA;NA;NA;NA;NA;NA;NA;NA;NA;NA;NA;NA;NA;NA;NA;NA;NA;NA;NA;NA;NA;NA;NA;NA;NA;NA;NA;NA;NA;NA;NA;NA;NA;NA;NA;NA;NA;NA;NA;NA;NA;NA;NA;NA;NA;NA;NA;NA;NA;NA;NA;NA;NA;NA;NA;NA;NA;NA
PREPA_TEMPERATURE_MAX_INF_3;NA;NA;NA;NA;NA;NA;NA;NA;NA;NA;NA;NA;NA;NA;NA;NA;NA;NA;NA;NA;NA;NA;NA;NA;NA;NA;NA;NA;NA;NA;NA;NA;NA;NA;NA;NA;NA;NA;NA;NA;NA;NA;NA;NA;NA;NA;NA;NA;NA;NA;NA;NA;NA;NA;NA;NA;NA;NA;NA;NA;NA;NA;NA;NA;NA;NA;NA;NA;NA;NA;NA;NA;NA;NA;NA;NA;NA;NA;NA;NA;NA;NA;NA;NA;NA;NA;NA;NA
PREPA_JOURS_TEMP_MAX_INF_3;NA;NA;NA;NA;NA;NA;NA;NA;NA;NA;NA;NA;NA;NA;NA;NA;NA;NA;NA;NA;NA;NA;NA;NA;NA;NA;NA;NA;NA;NA;NA;NA;NA;NA;NA;NA;NA;NA;NA;NA;NA;NA;NA;NA;NA;NA;NA;NA;NA;NA;NA;NA;NA;NA;NA;NA;NA;NA;NA;NA;NA;NA;NA;NA;NA;NA;NA;NA;NA;NA;NA;NA;NA;NA;NA;NA;NA;NA;NA;NA;NA;NA;NA;NA;NA;NA;NA;NA
IS_RECOLTE_2;NA;NA;NA;NA;NA;NA;NA;NA;NA;NA;NA;NA;NA;NA;NA;NA;NA;NA;NA;NA;NA;NA;NA;NA;NA;NA;NA;NA;NA;NA;NA;NA;NA;NA;NA;NA;NA;NA;NA;NA;NA;NA;NA;NA;NA;NA;NA;NA;O;O;NA;O;NA;NA;NA;NA;NA;NA;NA;NA;NA;NA;NA;NA;NA;NA;NA;NA;NA;NA;NA;NA;NA;NA;NA;NA;NA;NA;NA;NA;O;NA;NA;NA;NA;NA;NA;NA
RECOLTE_PASSAGES_2;NA;NA;NA;NA;NA;NA;NA;NA;NA;NA;NA;NA;NA;NA;NA;NA;NA;NA;NA;NA;NA;NA;NA;NA;NA;NA;NA;NA;NA;NA;NA;NA;NA;NA;NA;NA;NA;NA;NA;NA;NA;NA;NA;NA;NA;NA;NA;NA;1;1;NA;1;NA;NA;NA;NA;NA;NA;NA;NA;NA;NA;NA;NA;NA;NA;NA;NA;NA;NA;NA;NA;NA;NA;NA;NA;NA;NA;NA;NA;1;NA;NA;NA;NA;NA;NA;NA
RECOLTE_OUTIL_2;NA;NA;NA;NA;NA;NA;NA;NA;NA;NA;NA;NA;NA;NA;NA;NA;NA;NA;NA;NA;NA;NA;NA;NA;NA;NA;NA;NA;NA;NA;NA;NA;NA;NA;NA;NA;NA;NA;NA;NA;NA;NA;NA;NA;NA;NA;NA;NA;Ensileuse;Ensileuse;NA;Ensileuse;NA;NA;NA;NA;NA;NA;NA;NA;NA;NA;NA;NA;NA;NA;NA;NA;NA;NA;NA;NA;NA;NA;NA;NA;NA;NA;NA;NA;Ensileuse;NA;NA;NA;NA;NA;NA;NA
RECOLTE_AGRIW_2;NA;NA;NA;NA;NA;NA;NA;NA;NA;NA;NA;NA;NA;NA;NA;NA;NA;NA;NA;NA;NA;NA;NA;NA;NA;NA;NA;NA;NA;NA;NA;NA;NA;NA;NA;NA;NA;NA;NA;NA;NA;NA;NA;NA;NA;NA;NA;NA;oui;oui;NA;oui;NA;NA;NA;NA;NA;NA;NA;NA;NA;NA;NA;NA;NA;NA;NA;NA;NA;NA;NA;NA;NA;NA;NA;NA;NA;NA;NA;NA;oui;NA;NA;NA;NA;NA;NA;NA
RECOLTE_TEMPS_2;NA;NA;NA;NA;NA;NA;NA;NA;NA;NA;NA;NA;NA;NA;NA;NA;NA;NA;NA;NA;NA;NA;NA;NA;NA;NA;NA;NA;NA;NA;NA;NA;NA;NA;NA;NA;NA;NA;NA;NA;NA;NA;NA;NA;NA;NA;NA;NA;2;2;NA;2;NA;NA;NA;NA;NA;NA;NA;NA;NA;NA;NA;NA;NA;NA;NA;NA;NA;NA;NA;NA;NA;NA;NA;NA;NA;NA;NA;NA;2;NA;NA;NA;NA;NA;NA;NA
RECOLTE_TEMPS_INTERNE_2;NA;NA;NA;NA;NA;NA;NA;NA;NA;NA;NA;NA;NA;NA;NA;NA;NA;NA;NA;NA;NA;NA;NA;NA;NA;NA;NA;NA;NA;NA;NA;NA;NA;NA;NA;NA;NA;NA;NA;NA;NA;NA;NA;NA;NA;NA;NA;NA;NA;NA;NA;NA;NA;NA;NA;NA;NA;NA;NA;NA;NA;NA;NA;NA;NA;NA;NA;NA;NA;NA;NA;NA;NA;NA;NA;NA;NA;NA;NA;NA;NA;NA;NA;NA;NA;NA;NA;NA
RECOLTE_NB_SOUS_PERIODES_2;NA;NA;NA;NA;NA;NA;NA;NA;NA;NA;NA;NA;NA;NA;NA;NA;NA;NA;NA;NA;NA;NA;NA;NA;NA;NA;NA;NA;NA;NA;NA;NA;NA;NA;NA;NA;NA;NA;NA;NA;NA;NA;NA;NA;NA;NA;NA;NA;1;1;NA;1;NA;NA;NA;NA;NA;NA;NA;NA;NA;NA;NA;NA;NA;NA;NA;NA;NA;NA;NA;NA;NA;NA;NA;NA;NA;NA;NA;NA;1;NA;NA;NA;NA;NA;NA;NA
RECOLTE_DEBUT_2;NA;NA;NA;NA;NA;NA;NA;NA;NA;NA;NA;NA;NA;NA;NA;NA;NA;NA;NA;NA;NA;NA;NA;NA;NA;NA;NA;NA;NA;NA;NA;NA;NA;NA;NA;NA;NA;NA;NA;NA;NA;NA;NA;NA;NA;NA;NA;NA;176;176;NA;176;NA;NA;NA;NA;NA;NA;NA;NA;NA;NA;NA;NA;NA;NA;NA;NA;NA;NA;NA;NA;NA;NA;NA;NA;NA;NA;NA;NA;176;NA;NA;NA;NA;NA;NA;NA
RECOLTE_FIN_2;NA;NA;NA;NA;NA;NA;NA;NA;NA;NA;NA;NA;NA;NA;NA;NA;NA;NA;NA;NA;NA;NA;NA;NA;NA;NA;NA;NA;NA;NA;NA;NA;NA;NA;NA;NA;NA;NA;NA;NA;NA;NA;NA;NA;NA;NA;NA;NA;186;186;NA;186;NA;NA;NA;NA;NA;NA;NA;NA;NA;NA;NA;NA;NA;NA;NA;NA;NA;NA;NA;NA;NA;NA;NA;NA;NA;NA;NA;NA;186;NA;NA;NA;NA;NA;NA;NA
RECOLTE_ECHV_MIN_2;NA;NA;NA;NA;NA;NA;NA;NA;NA;NA;NA;NA;NA;NA;NA;NA;NA;NA;NA;NA;NA;NA;NA;NA;NA;NA;NA;NA;NA;NA;NA;NA;NA;NA;NA;NA;NA;NA;NA;NA;NA;NA;NA;NA;NA;NA;NA;NA;NA;NA;NA;NA;NA;NA;NA;NA;NA;NA;NA;NA;NA;NA;NA;NA;NA;NA;NA;NA;NA;NA;NA;NA;NA;NA;NA;NA;NA;NA;NA;NA;NA;NA;NA;NA;NA;NA;NA;NA
RECOLTE_JOURS_PLUIE_2;NA;NA;NA;NA;NA;NA;NA;NA;NA;NA;NA;NA;NA;NA;NA;NA;NA;NA;NA;NA;NA;NA;NA;NA;NA;NA;NA;NA;NA;NA;NA;NA;NA;NA;NA;NA;NA;NA;NA;NA;NA;NA;NA;NA;NA;NA;NA;NA;2;2;NA;2;NA;NA;NA;NA;NA;NA;NA;NA;NA;NA;NA;NA;NA;NA;NA;NA;NA;NA;NA;NA;NA;NA;NA;NA;NA;NA;NA;NA;2;NA;NA;NA;NA;NA;NA;NA
RECOLTE_HAUTEURS_PLUIE_MAX_2;NA;NA;NA;NA;NA;NA;NA;NA;NA;NA;NA;NA;NA;NA;NA;NA;NA;NA;NA;NA;NA;NA;NA;NA;NA;NA;NA;NA;NA;NA;NA;NA;NA;NA;NA;NA;NA;NA;NA;NA;NA;NA;NA;NA;NA;NA;NA;NA;1;1;NA;1;NA;NA;NA;NA;NA;NA;NA;NA;NA;NA;NA;NA;NA;NA;NA;NA;NA;NA;NA;NA;NA;NA;NA;NA;NA;NA;NA;NA;1;NA;NA;NA;NA;NA;NA;NA
RECOLTE_HUMIDITE_SOL_MAX_2;NA;NA;NA;NA;NA;NA;NA;NA;NA;NA;NA;NA;NA;NA;NA;NA;NA;NA;NA;NA;NA;NA;NA;NA;NA;NA;NA;NA;NA;NA;NA;NA;NA;NA;NA;NA;NA;NA;NA;NA;NA;NA;NA;NA;NA;NA;NA;NA;NA;NA;NA;NA;NA;NA;NA;NA;NA;NA;NA;NA;NA;NA;NA;NA;NA;NA;NA;NA;NA;NA;NA;NA;NA;NA;NA;NA;NA;NA;NA;NA;NA;NA;NA;NA;NA;NA;NA;NA
RECOLTE_EFFET_RUs_2;NA;NA;NA;NA;NA;NA;NA;NA;NA;NA;NA;NA;NA;NA;NA;NA;NA;NA;NA;NA;NA;NA;NA;NA;NA;NA;NA;NA;NA;NA;NA;NA;NA;NA;NA;NA;NA;NA;NA;NA;NA;NA;NA;NA;NA;NA;NA;NA;0;0;NA;0;NA;NA;NA;NA;NA;NA;NA;NA;NA;NA;NA;NA;NA;NA;NA;NA;NA;NA;NA;NA;NA;NA;NA;NA;NA;NA;NA;NA;0;NA;NA;NA;NA;NA;NA;NA
RECOLTE_OPERATEUR_2;NA;NA;NA;NA;NA;NA;NA;NA;NA;NA;NA;NA;NA;NA;NA;NA;NA;NA;NA;NA;NA;NA;NA;NA;NA;NA;NA;NA;NA;NA;NA;NA;NA;NA;NA;NA;NA;NA;NA;NA;NA;NA;NA;NA;NA;NA;NA;NA;NA;NA;NA;NA;NA;NA;NA;NA;NA;NA;NA;NA;NA;NA;NA;NA;NA;NA;NA;NA;NA;NA;NA;NA;NA;NA;NA;NA;NA;NA;NA;NA;NA;NA;NA;NA;NA;NA;NA;NA
RECOLTE_TEMPERATURE_MIN_2;NA;NA;NA;NA;NA;NA;NA;NA;NA;NA;NA;NA;NA;NA;NA;NA;NA;NA;NA;NA;NA;NA;NA;NA;NA;NA;NA;NA;NA;NA;NA;NA;NA;NA;NA;NA;NA;NA;NA;NA;NA;NA;NA;NA;NA;NA;NA;NA;NA;NA;NA;NA;NA;NA;NA;NA;NA;NA;NA;NA;NA;NA;NA;NA;NA;NA;NA;NA;NA;NA;NA;NA;NA;NA;NA;NA;NA;NA;NA;NA;NA;NA;NA;NA;NA;NA;NA;NA
RECOLTE_JOURS_TEMP_MIN_2;NA;NA;NA;NA;NA;NA;NA;NA;NA;NA;NA;NA;NA;NA;NA;NA;NA;NA;NA;NA;NA;NA;NA;NA;NA;NA;NA;NA;NA;NA;NA;NA;NA;NA;NA;NA;NA;NA;NA;NA;NA;NA;NA;NA;NA;NA;NA;NA;NA;NA;NA;NA;NA;NA;NA;NA;NA;NA;NA;NA;NA;NA;NA;NA;NA;NA;NA;NA;NA;NA;NA;NA;NA;NA;NA;NA;NA;NA;NA;NA;NA;NA;NA;NA;NA;NA;NA;NA
RECOLTE_TEMPERATURE_MAX_2;NA;NA;NA;NA;NA;NA;NA;NA;NA;NA;NA;NA;NA;NA;NA;NA;NA;NA;NA;NA;NA;NA;NA;NA;NA;NA;NA;NA;NA;NA;NA;NA;NA;NA;NA;NA;NA;NA;NA;NA;NA;NA;NA;NA;NA;NA;NA;NA;NA;NA;NA;NA;NA;NA;NA;NA;NA;NA;NA;NA;NA;NA;NA;NA;NA;NA;NA;NA;NA;NA;NA;NA;NA;NA;NA;NA;NA;NA;NA;NA;NA;NA;NA;NA;NA;NA;NA;NA
RECOLTE_JOURS_TEMP_MAX_2;NA;NA;NA;NA;NA;NA;NA;NA;NA;NA;NA;NA;NA;NA;NA;NA;NA;NA;NA;NA;NA;NA;NA;NA;NA;NA;NA;NA;NA;NA;NA;NA;NA;NA;NA;NA;NA;NA;NA;NA;NA;NA;NA;NA;NA;NA;NA;NA;NA;NA;NA;NA;NA;NA;NA;NA;NA;NA;NA;NA;NA;NA;NA;NA;NA;NA;NA;NA;NA;NA;NA;NA;NA;NA;NA;NA;NA;NA;NA;NA;NA;NA;NA;NA;NA;NA;NA;NA
RECOLTE_TEMPERATURE_MAX_INF_2;NA;NA;NA;NA;NA;NA;NA;NA;NA;NA;NA;NA;NA;NA;NA;NA;NA;NA;NA;NA;NA;NA;NA;NA;NA;NA;NA;NA;NA;NA;NA;NA;NA;NA;NA;NA;NA;NA;NA;NA;NA;NA;NA;NA;NA;NA;NA;NA;NA;NA;NA;NA;NA;NA;NA;NA;NA;NA;NA;NA;NA;NA;NA;NA;NA;NA;NA;NA;NA;NA;NA;NA;NA;NA;NA;NA;NA;NA;NA;NA;NA;NA;NA;NA;NA;NA;NA;NA
RECOLTE_JOURS_TEMP_MAX_INF_2;NA;NA;NA;NA;NA;NA;NA;NA;NA;NA;NA;NA;NA;NA;NA;NA;NA;NA;NA;NA;NA;NA;NA;NA;NA;NA;NA;NA;NA;NA;NA;NA;NA;NA;NA;NA;NA;NA;NA;NA;NA;NA;NA;NA;NA;NA;NA;NA;NA;NA;NA;NA;NA;NA;NA;NA;NA;NA;NA;NA;NA;NA;NA;NA;NA;NA;NA;NA;NA;NA;NA;NA;NA;NA;NA;NA;NA;NA;NA;NA;NA;NA;NA;NA;NA;NA;NA;NA
IS_RECOLTE_3;NA;NA;NA;NA;NA;NA;NA;NA;NA;NA;NA;NA;NA;NA;NA;NA;NA;NA;NA;NA;NA;NA;NA;NA;NA;NA;NA;NA;NA;NA;NA;NA;NA;NA;NA;NA;NA;NA;NA;NA;NA;NA;NA;NA;NA;NA;NA;NA;O;O;NA;O;NA;NA;NA;NA;NA;NA;NA;NA;NA;NA;NA;NA;NA;NA;NA;NA;NA;NA;NA;NA;NA;NA;NA;NA;NA;NA;NA;NA;O;NA;NA;NA;NA;NA;NA;NA
RECOLTE_PASSAGES_3;NA;NA;NA;NA;NA;NA;NA;NA;NA;NA;NA;NA;NA;NA;NA;NA;NA;NA;NA;NA;NA;NA;NA;NA;NA;NA;NA;NA;NA;NA;NA;NA;NA;NA;NA;NA;NA;NA;NA;NA;NA;NA;NA;NA;NA;NA;NA;NA;1;1;NA;1;NA;NA;NA;NA;NA;NA;NA;NA;NA;NA;NA;NA;NA;NA;NA;NA;NA;NA;NA;NA;NA;NA;NA;NA;NA;NA;NA;NA;1;NA;NA;NA;NA;NA;NA;NA
RECOLTE_OUTIL_3;NA;NA;NA;NA;NA;NA;NA;NA;NA;NA;NA;NA;NA;NA;NA;NA;NA;NA;NA;NA;NA;NA;NA;NA;NA;NA;NA;NA;NA;NA;NA;NA;NA;NA;NA;NA;NA;NA;NA;NA;NA;NA;NA;NA;NA;NA;NA;NA;Ensileuse;Ensileuse;NA;Ensileuse;NA;NA;NA;NA;NA;NA;NA;NA;NA;NA;NA;NA;NA;NA;NA;NA;NA;NA;NA;NA;NA;NA;NA;NA;NA;NA;NA;NA;Ensileuse;NA;NA;NA;NA;NA;NA;NA
RECOLTE_AGRIW_3;NA;NA;NA;NA;NA;NA;NA;NA;NA;NA;NA;NA;NA;NA;NA;NA;NA;NA;NA;NA;NA;NA;NA;NA;NA;NA;NA;NA;NA;NA;NA;NA;NA;NA;NA;NA;NA;NA;NA;NA;NA;NA;NA;NA;NA;NA;NA;NA;oui;oui;NA;oui;NA;NA;NA;NA;NA;NA;NA;NA;NA;NA;NA;NA;NA;NA;NA;NA;NA;NA;NA;NA;NA;NA;NA;NA;NA;NA;NA;NA;oui;NA;NA;NA;NA;NA;NA;NA
RECOLTE_TEMPS_3;NA;NA;NA;NA;NA;NA;NA;NA;NA;NA;NA;NA;NA;NA;NA;NA;NA;NA;NA;NA;NA;NA;NA;NA;NA;NA;NA;NA;NA;NA;NA;NA;NA;NA;NA;NA;NA;NA;NA;NA;NA;NA;NA;NA;NA;NA;NA;NA;2;2;NA;2;NA;NA;NA;NA;NA;NA;NA;NA;NA;NA;NA;NA;NA;NA;NA;NA;NA;NA;NA;NA;NA;NA;NA;NA;NA;NA;NA;NA;2;NA;NA;NA;NA;NA;NA;NA
RECOLTE_TEMPS_INTERNE_3;NA;NA;NA;NA;NA;NA;NA;NA;NA;NA;NA;NA;NA;NA;NA;NA;NA;NA;NA;NA;NA;NA;NA;NA;NA;NA;NA;NA;NA;NA;NA;NA;NA;NA;NA;NA;NA;NA;NA;NA;NA;NA;NA;NA;NA;NA;NA;NA;NA;NA;NA;NA;NA;NA;NA;NA;NA;NA;NA;NA;NA;NA;NA;NA;NA;NA;NA;NA;NA;NA;NA;NA;NA;NA;NA;NA;NA;NA;NA;NA;NA;NA;NA;NA;NA;NA;NA;NA
RECOLTE_NB_SOUS_PERIODES_3;NA;NA;NA;NA;NA;NA;NA;NA;NA;NA;NA;NA;NA;NA;NA;NA;NA;NA;NA;NA;NA;NA;NA;NA;NA;NA;NA;NA;NA;NA;NA;NA;NA;NA;NA;NA;NA;NA;NA;NA;NA;NA;NA;NA;NA;NA;NA;NA;1;1;NA;1;NA;NA;NA;NA;NA;NA;NA;NA;NA;NA;NA;NA;NA;NA;NA;NA;NA;NA;NA;NA;NA;NA;NA;NA;NA;NA;NA;NA;1;NA;NA;NA;NA;NA;NA;NA
RECOLTE_DEBUT_3;NA;NA;NA;NA;NA;NA;NA;NA;NA;NA;NA;NA;NA;NA;NA;NA;NA;NA;NA;NA;NA;NA;NA;NA;NA;NA;NA;NA;NA;NA;NA;NA;NA;NA;NA;NA;NA;NA;NA;NA;NA;NA;NA;NA;NA;NA;NA;NA;206;206;NA;206;NA;NA;NA;NA;NA;NA;NA;NA;NA;NA;NA;NA;NA;NA;NA;NA;NA;NA;NA;NA;NA;NA;NA;NA;NA;NA;NA;NA;206;NA;NA;NA;NA;NA;NA;NA
RECOLTE_FIN_3;NA;NA;NA;NA;NA;NA;NA;NA;NA;NA;NA;NA;NA;NA;NA;NA;NA;NA;NA;NA;NA;NA;NA;NA;NA;NA;NA;NA;NA;NA;NA;NA;NA;NA;NA;NA;NA;NA;NA;NA;NA;NA;NA;NA;NA;NA;NA;NA;222;222;NA;222;NA;NA;NA;NA;NA;NA;NA;NA;NA;NA;NA;NA;NA;NA;NA;NA;NA;NA;NA;NA;NA;NA;NA;NA;NA;NA;NA;NA;222;NA;NA;NA;NA;NA;NA;NA
RECOLTE_ECHV_MIN_3;NA;NA;NA;NA;NA;NA;NA;NA;NA;NA;NA;NA;NA;NA;NA;NA;NA;NA;NA;NA;NA;NA;NA;NA;NA;NA;NA;NA;NA;NA;NA;NA;NA;NA;NA;NA;NA;NA;NA;NA;NA;NA;NA;NA;NA;NA;NA;NA;NA;NA;NA;NA;NA;NA;NA;NA;NA;NA;NA;NA;NA;NA;NA;NA;NA;NA;NA;NA;NA;NA;NA;NA;NA;NA;NA;NA;NA;NA;NA;NA;NA;NA;NA;NA;NA;NA;NA;NA
RECOLTE_JOURS_PLUIE_3;NA;NA;NA;NA;NA;NA;NA;NA;NA;NA;NA;NA;NA;NA;NA;NA;NA;NA;NA;NA;NA;NA;NA;NA;NA;NA;NA;NA;NA;NA;NA;NA;NA;NA;NA;NA;NA;NA;NA;NA;NA;NA;NA;NA;NA;NA;NA;NA;2;2;NA;2;NA;NA;NA;NA;NA;NA;NA;NA;NA;NA;NA;NA;NA;NA;NA;NA;NA;NA;NA;NA;NA;NA;NA;NA;NA;NA;NA;NA;2;NA;NA;NA;NA;NA;NA;NA
RECOLTE_HAUTEURS_PLUIE_MAX_3;NA;NA;NA;NA;NA;NA;NA;NA;NA;NA;NA;NA;NA;NA;NA;NA;NA;NA;NA;NA;NA;NA;NA;NA;NA;NA;NA;NA;NA;NA;NA;NA;NA;NA;NA;NA;NA;NA;NA;NA;NA;NA;NA;NA;NA;NA;NA;NA;1;1;NA;1;NA;NA;NA;NA;NA;NA;NA;NA;NA;NA;NA;NA;NA;NA;NA;NA;NA;NA;NA;NA;NA;NA;NA;NA;NA;NA;NA;NA;1;NA;NA;NA;NA;NA;NA;NA
RECOLTE_HUMIDITE_SOL_MAX_3;NA;NA;NA;NA;NA;NA;NA;NA;NA;NA;NA;NA;NA;NA;NA;NA;NA;NA;NA;NA;NA;NA;NA;NA;NA;NA;NA;NA;NA;NA;NA;NA;NA;NA;NA;NA;NA;NA;NA;NA;NA;NA;NA;NA;NA;NA;NA;NA;NA;NA;NA;NA;NA;NA;NA;NA;NA;NA;NA;NA;NA;NA;NA;NA;NA;NA;NA;NA;NA;NA;NA;NA;NA;NA;NA;NA;NA;NA;NA;NA;NA;NA;NA;NA;NA;NA;NA;NA
RECOLTE_EFFET_RUs_3;NA;NA;NA;NA;NA;NA;NA;NA;NA;NA;NA;NA;NA;NA;NA;NA;NA;NA;NA;NA;NA;NA;NA;NA;NA;NA;NA;NA;NA;NA;NA;NA;NA;NA;NA;NA;NA;NA;NA;NA;NA;NA;NA;NA;NA;NA;NA;NA;0;0;NA;0;NA;NA;NA;NA;NA;NA;NA;NA;NA;NA;NA;NA;NA;NA;NA;NA;NA;NA;NA;NA;NA;NA;NA;NA;NA;NA;NA;NA;0;NA;NA;NA;NA;NA;NA;NA
RECOLTE_OPERATEUR_3;NA;NA;NA;NA;NA;NA;NA;NA;NA;NA;NA;NA;NA;NA;NA;NA;NA;NA;NA;NA;NA;NA;NA;NA;NA;NA;NA;NA;NA;NA;NA;NA;NA;NA;NA;NA;NA;NA;NA;NA;NA;NA;NA;NA;NA;NA;NA;NA;NA;NA;NA;NA;NA;NA;NA;NA;NA;NA;NA;NA;NA;NA;NA;NA;NA;NA;NA;NA;NA;NA;NA;NA;NA;NA;NA;NA;NA;NA;NA;NA;NA;NA;NA;NA;NA;NA;NA;NA
RECOLTE_TEMPERATURE_MIN_3;NA;NA;NA;NA;NA;NA;NA;NA;NA;NA;NA;NA;NA;NA;NA;NA;NA;NA;NA;NA;NA;NA;NA;NA;NA;NA;NA;NA;NA;NA;NA;NA;NA;NA;NA;NA;NA;NA;NA;NA;NA;NA;NA;NA;NA;NA;NA;NA;NA;NA;NA;NA;NA;NA;NA;NA;NA;NA;NA;NA;NA;NA;NA;NA;NA;NA;NA;NA;NA;NA;NA;NA;NA;NA;NA;NA;NA;NA;NA;NA;NA;NA;NA;NA;NA;NA;NA;NA
RECOLTE_JOURS_TEMP_MIN_3;NA;NA;NA;NA;NA;NA;NA;NA;NA;NA;NA;NA;NA;NA;NA;NA;NA;NA;NA;NA;NA;NA;NA;NA;NA;NA;NA;NA;NA;NA;NA;NA;NA;NA;NA;NA;NA;NA;NA;NA;NA;NA;NA;NA;NA;NA;NA;NA;NA;NA;NA;NA;NA;NA;NA;NA;NA;NA;NA;NA;NA;NA;NA;NA;NA;NA;NA;NA;NA;NA;NA;NA;NA;NA;NA;NA;NA;NA;NA;NA;NA;NA;NA;NA;NA;NA;NA;NA
RECOLTE_TEMPERATURE_MAX_3;NA;NA;NA;NA;NA;NA;NA;NA;NA;NA;NA;NA;NA;NA;NA;NA;NA;NA;NA;NA;NA;NA;NA;NA;NA;NA;NA;NA;NA;NA;NA;NA;NA;NA;NA;NA;NA;NA;NA;NA;NA;NA;NA;NA;NA;NA;NA;NA;NA;NA;NA;NA;NA;NA;NA;NA;NA;NA;NA;NA;NA;NA;NA;NA;NA;NA;NA;NA;NA;NA;NA;NA;NA;NA;NA;NA;NA;NA;NA;NA;NA;NA;NA;NA;NA;NA;NA;NA
RECOLTE_JOURS_TEMP_MAX_3;NA;NA;NA;NA;NA;NA;NA;NA;NA;NA;NA;NA;NA;NA;NA;NA;NA;NA;NA;NA;NA;NA;NA;NA;NA;NA;NA;NA;NA;NA;NA;NA;NA;NA;NA;NA;NA;NA;NA;NA;NA;NA;NA;NA;NA;NA;NA;NA;NA;NA;NA;NA;NA;NA;NA;NA;NA;NA;NA;NA;NA;NA;NA;NA;NA;NA;NA;NA;NA;NA;NA;NA;NA;NA;NA;NA;NA;NA;NA;NA;NA;NA;NA;NA;NA;NA;NA;NA
RECOLTE_TEMPERATURE_MAX_INF_3;NA;NA;NA;NA;NA;NA;NA;NA;NA;NA;NA;NA;NA;NA;NA;NA;NA;NA;NA;NA;NA;NA;NA;NA;NA;NA;NA;NA;NA;NA;NA;NA;NA;NA;NA;NA;NA;NA;NA;NA;NA;NA;NA;NA;NA;NA;NA;NA;NA;NA;NA;NA;NA;NA;NA;NA;NA;NA;NA;NA;NA;NA;NA;NA;NA;NA;NA;NA;NA;NA;NA;NA;NA;NA;NA;NA;NA;NA;NA;NA;NA;NA;NA;NA;NA;NA;NA;NA
RECOLTE_JOURS_TEMP_MAX_INF_3;NA;NA;NA;NA;NA;NA;NA;NA;NA;NA;NA;NA;NA;NA;NA;NA;NA;NA;NA;NA;NA;NA;NA;NA;NA;NA;NA;NA;NA;NA;NA;NA;NA;NA;NA;NA;NA;NA;NA;NA;NA;NA;NA;NA;NA;NA;NA;NA;NA;NA;NA;NA;NA;NA;NA;NA;NA;NA;NA;NA;NA;NA;NA;NA;NA;NA;NA;NA;NA;NA;NA;NA;NA;NA;NA;NA;NA;NA;NA;NA;NA;NA;NA;NA;NA;NA;NA;NA
